[2026-08-16 13:58:13] local.ERROR: Call to undefined function Illuminate\Support\mb_split() {"exception":"[object] (Error(code: 0): Call to undefined function Illuminate\\Support\\mb_split() at C:/Users/regin/Downloads/miswan-fashion/miswan-fashion/vendor/laravel/framework/src/Illuminate/Support/Str.php:1722)
[stacktrace]
#0 C:/Users/regin/Downloads/miswan-fashion/miswan-fashion/vendor/laravel/framework/src/Illuminate/Support/Manager.php(98): Illuminate/Support/Str::studly('file')
#1 C:/Users/regin/Downloads/miswan-fashion/miswan-fashion/vendor/laravel/framework/src/Illuminate/Support/Manager.php(78): Illuminate/Support/Manager->createDriver('file')
#2 C:/Users/regin/Downloads/miswan-fashion/miswan-fashion/vendor/laravel/framework/src/Illuminate/Foundation/Providers/FoundationServiceProvider.php(293): Illuminate/Support/Manager->driver()
#3 C:/Users/regin/Downloads/miswan-fashion/miswan-fashion/vendor/laravel/framework/src/Illuminate/Container/Container.php(1115): Illuminate/Foundation/Providers/FoundationServiceProvider->Illuminate/Foundation/Providers/{closure}(Object(Illuminate/Foundation/Application), Array)
#4 C:/Users/regin/Downloads/miswan-fashion/miswan-fashion/vendor/laravel/framework/src/Illuminate/Container/Container.php(933): Illuminate/Container/Container->build(Object(Closure))
#5 C:/Users/regin/Downloads/miswan-fashion/miswan-fashion/vendor/laravel/framework/src/Illuminate/Foundation/Application.php(1078): Illuminate/Container/Container->resolve('Illuminate//Cont...', Array, true)
#6 C:/Users/regin/Downloads/miswan-fashion/miswan-fashion/vendor/laravel/framework/src/Illuminate/Container/Container.php(864): Illuminate/Foundation/Application->resolve('Illuminate//Cont...', Array)
#7 C:/Users/regin/Downloads/miswan-fashion/miswan-fashion/vendor/laravel/framework/src/Illuminate/Foundation/Application.php(1058): Illuminate/Container/Container->make('Illuminate//Cont...', Array)
#8 C:/Users/regin/Downloads/miswan-fashion/miswan-fashion/vendor/laravel/framework/src/Illuminate/Foundation/Application.php(1410): Illuminate/Foundation/Application->make('Illuminate//Cont...')
#9 C:/Users/regin/Downloads/miswan-fashion/miswan-fashion/vendor/laravel/framework/src/Illuminate/Foundation/Http/Middleware/PreventRequestsDuringMaintenance.php(64): Illuminate/Foundation/Application->maintenanceMode()
#10 C:/Users/regin/Downloads/miswan-fashion/miswan-fashion/vendor/laravel/framework/src/Illuminate/Pipeline/Pipeline.php(219): Illuminate/Foundation/Http/Middleware/PreventRequestsDuringMaintenance->handle(Object(Illuminate/Http/Request), Object(Closure))
#11 C:/Users/regin/Downloads/miswan-fashion/miswan-fashion/vendor/laravel/framework/src/Illuminate/Http/Middleware/HandleCors.php(61): Illuminate/Pipeline/Pipeline->Illuminate/Pipeline/{closure}(Object(Illuminate/Http/Request))
#12 C:/Users/regin/Downloads/miswan-fashion/miswan-fashion/vendor/laravel/framework/src/Illuminate/Pipeline/Pipeline.php(219): Illuminate/Http/Middleware/HandleCors->handle(Object(Illuminate/Http/Request), Object(Closure))
#13 C:/Users/regin/Downloads/miswan-fashion/miswan-fashion/vendor/laravel/framework/src/Illuminate/Http/Middleware/TrustProxies.php(58): Illuminate/Pipeline/Pipeline->Illuminate/Pipeline/{closure}(Object(Illuminate/Http/Request))
#14 C:/Users/regin/Downloads/miswan-fashion/miswan-fashion/vendor/laravel/framework/src/Illuminate/Pipeline/Pipeline.php(219): Illuminate/Http/Middleware/TrustProxies->handle(Object(Illuminate/Http/Request), Object(Closure))
#15 C:/Users/regin/Downloads/miswan-fashion/miswan-fashion/vendor/laravel/framework/src/Illuminate/Foundation/Http/Middleware/InvokeDeferredCallbacks.php(22): Illuminate/Pipeline/Pipeline->Illuminate/Pipeline/{closure}(Object(Illuminate/Http/Request))
#16 C:/Users/regin/Downloads/miswan-fashion/miswan-fashion/vendor/laravel/framework/src/Illuminate/Pipeline/Pipeline.php(219): Illuminate/Foundation/Http/Middleware/InvokeDeferredCallbacks->handle(Object(Illuminate/Http/Request), Object(Closure))
#17 C:/Users/regin/Downloads/miswan-fashion/miswan-fashion/vendor/laravel/framework/src/Illuminate/Http/Middleware/ValidatePathEncoding.php(26): Illuminate/Pipeline/Pipeline->Illuminate/Pipeline/{closure}(Object(Illuminate/Http/Request))
#18 C:/Users/regin/Downloads/miswan-fashion/miswan-fashion/vendor/laravel/framework/src/Illuminate/Pipeline/Pipeline.php(219): Illuminate/Http/Middleware/ValidatePathEncoding->handle(Object(Illuminate/Http/Request), Object(Closure))
#19 C:/Users/regin/Downloads/miswan-fashion/miswan-fashion/vendor/laravel/framework/src/Illuminate/Pipeline/Pipeline.php(137): Illuminate/Pipeline/Pipeline->Illuminate/Pipeline/{closure}(Object(Illuminate/Http/Request))
#20 C:/Users/regin/Downloads/miswan-fashion/miswan-fashion/vendor/laravel/framework/src/Illuminate/Foundation/Http/Kernel.php(175): Illuminate/Pipeline/Pipeline->then(Object(Closure))
#21 C:/Users/regin/Downloads/miswan-fashion/miswan-fashion/vendor/laravel/framework/src/Illuminate/Foundation/Http/Kernel.php(144): Illuminate/Foundation/Http/Kernel->sendRequestThroughRouter(Object(Illuminate/Http/Request))
#22 C:/Users/regin/Downloads/miswan-fashion/miswan-fashion/vendor/laravel/framework/src/Illuminate/Foundation/Application.php(1220): Illuminate/Foundation/Http/Kernel->handle(Object(Illuminate/Http/Request))
#23 C:/Users/regin/Downloads/miswan-fashion/miswan-fashion/public/index.php(20): Illuminate/Foundation/Application->handleRequest(Object(Illuminate/Http/Request))
#24 C:/Users/regin/Downloads/miswan-fashion/miswan-fashion/vendor/laravel/framework/src/Illuminate/Foundation/resources/server.php(23): require_once('C://Users//regin//...')
#25 {main}
"} 
[2026-08-16 13:58:14] local.ERROR: Call to undefined function Illuminate\Support\mb_split() {"exception":"[object] (Error(code: 0): Call to undefined function Illuminate\\Support\\mb_split() at C:/Users/regin/Downloads/miswan-fashion/miswan-fashion/vendor/laravel/framework/src/Illuminate/Support/Str.php:1722)
[stacktrace]
#0 C:/Users/regin/Downloads/miswan-fashion/miswan-fashion/vendor/laravel/framework/src/Illuminate/Support/Manager.php(98): Illuminate/Support/Str::studly('file')
#1 C:/Users/regin/Downloads/miswan-fashion/miswan-fashion/vendor/laravel/framework/src/Illuminate/Support/Manager.php(78): Illuminate/Support/Manager->createDriver('file')
#2 C:/Users/regin/Downloads/miswan-fashion/miswan-fashion/vendor/laravel/framework/src/Illuminate/Session/SessionServiceProvider.php(52): Illuminate/Support/Manager->driver()
#3 C:/Users/regin/Downloads/miswan-fashion/miswan-fashion/vendor/laravel/framework/src/Illuminate/Container/Container.php(1115): Illuminate/Session/SessionServiceProvider->Illuminate/Session/{closure}(Object(Illuminate/Foundation/Application), Array)
#4 C:/Users/regin/Downloads/miswan-fashion/miswan-fashion/vendor/laravel/framework/src/Illuminate/Container/Container.php(933): Illuminate/Container/Container->build(Object(Closure))
#5 C:/Users/regin/Downloads/miswan-fashion/miswan-fashion/vendor/laravel/framework/src/Illuminate/Foundation/Application.php(1078): Illuminate/Container/Container->resolve('session.store', Array, true)
#6 C:/Users/regin/Downloads/miswan-fashion/miswan-fashion/vendor/laravel/framework/src/Illuminate/Container/Container.php(864): Illuminate/Foundation/Application->resolve('session.store', Array)
#7 C:/Users/regin/Downloads/miswan-fashion/miswan-fashion/vendor/laravel/framework/src/Illuminate/Foundation/Application.php(1058): Illuminate/Container/Container->make('session.store', Array)
#8 C:/Users/regin/Downloads/miswan-fashion/miswan-fashion/vendor/laravel/framework/src/Illuminate/Container/Container.php(1805): Illuminate/Foundation/Application->make('session.store')
#9 C:/Users/regin/Downloads/miswan-fashion/miswan-fashion/vendor/laravel/framework/src/Illuminate/Routing/RoutingServiceProvider.php(121): Illuminate/Container/Container->offsetGet('session.store')
#10 C:/Users/regin/Downloads/miswan-fashion/miswan-fashion/vendor/laravel/framework/src/Illuminate/Container/Container.php(1115): Illuminate/Routing/RoutingServiceProvider->Illuminate/Routing/{closure}(Object(Illuminate/Foundation/Application), Array)
#11 C:/Users/regin/Downloads/miswan-fashion/miswan-fashion/vendor/laravel/framework/src/Illuminate/Container/Container.php(933): Illuminate/Container/Container->build(Object(Closure))
#12 C:/Users/regin/Downloads/miswan-fashion/miswan-fashion/vendor/laravel/framework/src/Illuminate/Foundation/Application.php(1078): Illuminate/Container/Container->resolve('redirect', Array, true)
#13 C:/Users/regin/Downloads/miswan-fashion/miswan-fashion/vendor/laravel/framework/src/Illuminate/Container/Container.php(864): Illuminate/Foundation/Application->resolve('redirect', Array)
#14 C:/Users/regin/Downloads/miswan-fashion/miswan-fashion/vendor/laravel/framework/src/Illuminate/Foundation/Application.php(1058): Illuminate/Container/Container->make('redirect', Array)
#15 C:/Users/regin/Downloads/miswan-fashion/miswan-fashion/vendor/laravel/framework/src/Illuminate/Container/Container.php(1805): Illuminate/Foundation/Application->make('redirect')
#16 C:/Users/regin/Downloads/miswan-fashion/miswan-fashion/vendor/laravel/framework/src/Illuminate/Routing/RoutingServiceProvider.php(177): Illuminate/Container/Container->offsetGet('redirect')
#17 C:/Users/regin/Downloads/miswan-fashion/miswan-fashion/vendor/laravel/framework/src/Illuminate/Container/Container.php(1115): Illuminate/Routing/RoutingServiceProvider->Illuminate/Routing/{closure}(Object(Illuminate/Foundation/Application), Array)
#18 C:/Users/regin/Downloads/miswan-fashion/miswan-fashion/vendor/laravel/framework/src/Illuminate/Container/Container.php(933): Illuminate/Container/Container->build(Object(Closure))
#19 C:/Users/regin/Downloads/miswan-fashion/miswan-fashion/vendor/laravel/framework/src/Illuminate/Foundation/Application.php(1078): Illuminate/Container/Container->resolve('Illuminate//Cont...', Array, true)
#20 C:/Users/regin/Downloads/miswan-fashion/miswan-fashion/vendor/laravel/framework/src/Illuminate/Container/Container.php(864): Illuminate/Foundation/Application->resolve('Illuminate//Cont...', Array)
#21 C:/Users/regin/Downloads/miswan-fashion/miswan-fashion/vendor/laravel/framework/src/Illuminate/Foundation/Application.php(1058): Illuminate/Container/Container->make('Illuminate//Cont...', Array)
#22 C:/Users/regin/Downloads/miswan-fashion/miswan-fashion/vendor/laravel/framework/src/Illuminate/Foundation/helpers.php(138): Illuminate/Foundation/Application->make('Illuminate//Cont...', Array)
#23 C:/Users/regin/Downloads/miswan-fashion/miswan-fashion/vendor/laravel/framework/src/Illuminate/Foundation/helpers.php(850): app('Illuminate//Cont...')
#24 C:/Users/regin/Downloads/miswan-fashion/miswan-fashion/vendor/laravel/framework/src/Illuminate/Foundation/Exceptions/Handler.php(987): response('<!-- Call to un...', 500, Array)
#25 C:/Users/regin/Downloads/miswan-fashion/miswan-fashion/vendor/laravel/framework/src/Illuminate/Foundation/Exceptions/Handler.php(839): Illuminate/Foundation/Exceptions/Handler->toIlluminateResponse(Object(Symfony/Component/HttpFoundation/Response), Object(Error))
#26 C:/Users/regin/Downloads/miswan-fashion/miswan-fashion/vendor/laravel/framework/src/Illuminate/Foundation/Exceptions/Handler.php(738): Illuminate/Foundation/Exceptions/Handler->prepareResponse(Object(Illuminate/Http/Request), Object(Error))
#27 C:/Users/regin/Downloads/miswan-fashion/miswan-fashion/vendor/laravel/framework/src/Illuminate/Foundation/Exceptions/Handler.php(626): Illuminate/Foundation/Exceptions/Handler->renderExceptionResponse(Object(Illuminate/Http/Request), Object(Error))
#28 C:/Users/regin/Downloads/miswan-fashion/miswan-fashion/vendor/laravel/framework/src/Illuminate/Routing/Pipeline.php(51): Illuminate/Foundation/Exceptions/Handler->render(Object(Illuminate/Http/Request), Object(Error))
#29 C:/Users/regin/Downloads/miswan-fashion/miswan-fashion/vendor/laravel/framework/src/Illuminate/Pipeline/Pipeline.php(224): Illuminate/Routing/Pipeline->handleException(Object(Illuminate/Http/Request), Object(Error))
#30 C:/Users/regin/Downloads/miswan-fashion/miswan-fashion/vendor/laravel/framework/src/Illuminate/Http/Middleware/HandleCors.php(61): Illuminate/Pipeline/Pipeline->Illuminate/Pipeline/{closure}(Object(Illuminate/Http/Request))
#31 C:/Users/regin/Downloads/miswan-fashion/miswan-fashion/vendor/laravel/framework/src/Illuminate/Pipeline/Pipeline.php(219): Illuminate/Http/Middleware/HandleCors->handle(Object(Illuminate/Http/Request), Object(Closure))
#32 C:/Users/regin/Downloads/miswan-fashion/miswan-fashion/vendor/laravel/framework/src/Illuminate/Http/Middleware/TrustProxies.php(58): Illuminate/Pipeline/Pipeline->Illuminate/Pipeline/{closure}(Object(Illuminate/Http/Request))
#33 C:/Users/regin/Downloads/miswan-fashion/miswan-fashion/vendor/laravel/framework/src/Illuminate/Pipeline/Pipeline.php(219): Illuminate/Http/Middleware/TrustProxies->handle(Object(Illuminate/Http/Request), Object(Closure))
#34 C:/Users/regin/Downloads/miswan-fashion/miswan-fashion/vendor/laravel/framework/src/Illuminate/Foundation/Http/Middleware/InvokeDeferredCallbacks.php(22): Illuminate/Pipeline/Pipeline->Illuminate/Pipeline/{closure}(Object(Illuminate/Http/Request))
#35 C:/Users/regin/Downloads/miswan-fashion/miswan-fashion/vendor/laravel/framework/src/Illuminate/Pipeline/Pipeline.php(219): Illuminate/Foundation/Http/Middleware/InvokeDeferredCallbacks->handle(Object(Illuminate/Http/Request), Object(Closure))
#36 C:/Users/regin/Downloads/miswan-fashion/miswan-fashion/vendor/laravel/framework/src/Illuminate/Http/Middleware/ValidatePathEncoding.php(26): Illuminate/Pipeline/Pipeline->Illuminate/Pipeline/{closure}(Object(Illuminate/Http/Request))
#37 C:/Users/regin/Downloads/miswan-fashion/miswan-fashion/vendor/laravel/framework/src/Illuminate/Pipeline/Pipeline.php(219): Illuminate/Http/Middleware/ValidatePathEncoding->handle(Object(Illuminate/Http/Request), Object(Closure))
#38 C:/Users/regin/Downloads/miswan-fashion/miswan-fashion/vendor/laravel/framework/src/Illuminate/Pipeline/Pipeline.php(137): Illuminate/Pipeline/Pipeline->Illuminate/Pipeline/{closure}(Object(Illuminate/Http/Request))
#39 C:/Users/regin/Downloads/miswan-fashion/miswan-fashion/vendor/laravel/framework/src/Illuminate/Foundation/Http/Kernel.php(175): Illuminate/Pipeline/Pipeline->then(Object(Closure))
#40 C:/Users/regin/Downloads/miswan-fashion/miswan-fashion/vendor/laravel/framework/src/Illuminate/Foundation/Http/Kernel.php(144): Illuminate/Foundation/Http/Kernel->sendRequestThroughRouter(Object(Illuminate/Http/Request))
#41 C:/Users/regin/Downloads/miswan-fashion/miswan-fashion/vendor/laravel/framework/src/Illuminate/Foundation/Application.php(1220): Illuminate/Foundation/Http/Kernel->handle(Object(Illuminate/Http/Request))
#42 C:/Users/regin/Downloads/miswan-fashion/miswan-fashion/public/index.php(20): Illuminate/Foundation/Application->handleRequest(Object(Illuminate/Http/Request))
#43 C:/Users/regin/Downloads/miswan-fashion/miswan-fashion/vendor/laravel/framework/src/Illuminate/Foundation/resources/server.php(23): require_once('C://Users//regin//...')
#44 {main}
"} 
[2026-08-16 13:58:14] local.ERROR: Call to undefined function Illuminate\Support\mb_split() {"exception":"[object] (Error(code: 0): Call to undefined function Illuminate\\Support\\mb_split() at C:/Users/regin/Downloads/miswan-fashion/miswan-fashion/vendor/laravel/framework/src/Illuminate/Support/Str.php:1722)
[stacktrace]
#0 C:/Users/regin/Downloads/miswan-fashion/miswan-fashion/vendor/laravel/framework/src/Illuminate/Support/Manager.php(98): Illuminate/Support/Str::studly('file')
#1 C:/Users/regin/Downloads/miswan-fashion/miswan-fashion/vendor/laravel/framework/src/Illuminate/Support/Manager.php(78): Illuminate/Support/Manager->createDriver('file')
#2 C:/Users/regin/Downloads/miswan-fashion/miswan-fashion/vendor/laravel/framework/src/Illuminate/Session/SessionServiceProvider.php(52): Illuminate/Support/Manager->driver()
#3 C:/Users/regin/Downloads/miswan-fashion/miswan-fashion/vendor/laravel/framework/src/Illuminate/Container/Container.php(1115): Illuminate/Session/SessionServiceProvider->Illuminate/Session/{closure}(Object(Illuminate/Foundation/Application), Array)
#4 C:/Users/regin/Downloads/miswan-fashion/miswan-fashion/vendor/laravel/framework/src/Illuminate/Container/Container.php(933): Illuminate/Container/Container->build(Object(Closure))
#5 C:/Users/regin/Downloads/miswan-fashion/miswan-fashion/vendor/laravel/framework/src/Illuminate/Foundation/Application.php(1078): Illuminate/Container/Container->resolve('session.store', Array, true)
#6 C:/Users/regin/Downloads/miswan-fashion/miswan-fashion/vendor/laravel/framework/src/Illuminate/Container/Container.php(864): Illuminate/Foundation/Application->resolve('session.store', Array)
#7 C:/Users/regin/Downloads/miswan-fashion/miswan-fashion/vendor/laravel/framework/src/Illuminate/Foundation/Application.php(1058): Illuminate/Container/Container->make('session.store', Array)
#8 C:/Users/regin/Downloads/miswan-fashion/miswan-fashion/vendor/laravel/framework/src/Illuminate/Container/Container.php(1805): Illuminate/Foundation/Application->make('session.store')
#9 C:/Users/regin/Downloads/miswan-fashion/miswan-fashion/vendor/laravel/framework/src/Illuminate/Routing/RoutingServiceProvider.php(121): Illuminate/Container/Container->offsetGet('session.store')
#10 C:/Users/regin/Downloads/miswan-fashion/miswan-fashion/vendor/laravel/framework/src/Illuminate/Container/Container.php(1115): Illuminate/Routing/RoutingServiceProvider->Illuminate/Routing/{closure}(Object(Illuminate/Foundation/Application), Array)
#11 C:/Users/regin/Downloads/miswan-fashion/miswan-fashion/vendor/laravel/framework/src/Illuminate/Container/Container.php(933): Illuminate/Container/Container->build(Object(Closure))
#12 C:/Users/regin/Downloads/miswan-fashion/miswan-fashion/vendor/laravel/framework/src/Illuminate/Foundation/Application.php(1078): Illuminate/Container/Container->resolve('redirect', Array, true)
#13 C:/Users/regin/Downloads/miswan-fashion/miswan-fashion/vendor/laravel/framework/src/Illuminate/Container/Container.php(864): Illuminate/Foundation/Application->resolve('redirect', Array)
#14 C:/Users/regin/Downloads/miswan-fashion/miswan-fashion/vendor/laravel/framework/src/Illuminate/Foundation/Application.php(1058): Illuminate/Container/Container->make('redirect', Array)
#15 C:/Users/regin/Downloads/miswan-fashion/miswan-fashion/vendor/laravel/framework/src/Illuminate/Container/Container.php(1805): Illuminate/Foundation/Application->make('redirect')
#16 C:/Users/regin/Downloads/miswan-fashion/miswan-fashion/vendor/laravel/framework/src/Illuminate/Routing/RoutingServiceProvider.php(177): Illuminate/Container/Container->offsetGet('redirect')
#17 C:/Users/regin/Downloads/miswan-fashion/miswan-fashion/vendor/laravel/framework/src/Illuminate/Container/Container.php(1115): Illuminate/Routing/RoutingServiceProvider->Illuminate/Routing/{closure}(Object(Illuminate/Foundation/Application), Array)
#18 C:/Users/regin/Downloads/miswan-fashion/miswan-fashion/vendor/laravel/framework/src/Illuminate/Container/Container.php(933): Illuminate/Container/Container->build(Object(Closure))
#19 C:/Users/regin/Downloads/miswan-fashion/miswan-fashion/vendor/laravel/framework/src/Illuminate/Foundation/Application.php(1078): Illuminate/Container/Container->resolve('Illuminate//Cont...', Array, true)
#20 C:/Users/regin/Downloads/miswan-fashion/miswan-fashion/vendor/laravel/framework/src/Illuminate/Container/Container.php(864): Illuminate/Foundation/Application->resolve('Illuminate//Cont...', Array)
#21 C:/Users/regin/Downloads/miswan-fashion/miswan-fashion/vendor/laravel/framework/src/Illuminate/Foundation/Application.php(1058): Illuminate/Container/Container->make('Illuminate//Cont...', Array)
#22 C:/Users/regin/Downloads/miswan-fashion/miswan-fashion/vendor/laravel/framework/src/Illuminate/Foundation/helpers.php(138): Illuminate/Foundation/Application->make('Illuminate//Cont...', Array)
#23 C:/Users/regin/Downloads/miswan-fashion/miswan-fashion/vendor/laravel/framework/src/Illuminate/Foundation/helpers.php(850): app('Illuminate//Cont...')
#24 C:/Users/regin/Downloads/miswan-fashion/miswan-fashion/vendor/laravel/framework/src/Illuminate/Foundation/Exceptions/Handler.php(987): response('<!-- Call to un...', 500, Array)
#25 C:/Users/regin/Downloads/miswan-fashion/miswan-fashion/vendor/laravel/framework/src/Illuminate/Foundation/Exceptions/Handler.php(839): Illuminate/Foundation/Exceptions/Handler->toIlluminateResponse(Object(Symfony/Component/HttpFoundation/Response), Object(Error))
#26 C:/Users/regin/Downloads/miswan-fashion/miswan-fashion/vendor/laravel/framework/src/Illuminate/Foundation/Exceptions/Handler.php(738): Illuminate/Foundation/Exceptions/Handler->prepareResponse(Object(Illuminate/Http/Request), Object(Error))
#27 C:/Users/regin/Downloads/miswan-fashion/miswan-fashion/vendor/laravel/framework/src/Illuminate/Foundation/Exceptions/Handler.php(626): Illuminate/Foundation/Exceptions/Handler->renderExceptionResponse(Object(Illuminate/Http/Request), Object(Error))
#28 C:/Users/regin/Downloads/miswan-fashion/miswan-fashion/vendor/laravel/framework/src/Illuminate/Routing/Pipeline.php(51): Illuminate/Foundation/Exceptions/Handler->render(Object(Illuminate/Http/Request), Object(Error))
#29 C:/Users/regin/Downloads/miswan-fashion/miswan-fashion/vendor/laravel/framework/src/Illuminate/Pipeline/Pipeline.php(224): Illuminate/Routing/Pipeline->handleException(Object(Illuminate/Http/Request), Object(Error))
#30 C:/Users/regin/Downloads/miswan-fashion/miswan-fashion/vendor/laravel/framework/src/Illuminate/Http/Middleware/TrustProxies.php(58): Illuminate/Pipeline/Pipeline->Illuminate/Pipeline/{closure}(Object(Illuminate/Http/Request))
#31 C:/Users/regin/Downloads/miswan-fashion/miswan-fashion/vendor/laravel/framework/src/Illuminate/Pipeline/Pipeline.php(219): Illuminate/Http/Middleware/TrustProxies->handle(Object(Illuminate/Http/Request), Object(Closure))
#32 C:/Users/regin/Downloads/miswan-fashion/miswan-fashion/vendor/laravel/framework/src/Illuminate/Foundation/Http/Middleware/InvokeDeferredCallbacks.php(22): Illuminate/Pipeline/Pipeline->Illuminate/Pipeline/{closure}(Object(Illuminate/Http/Request))
#33 C:/Users/regin/Downloads/miswan-fashion/miswan-fashion/vendor/laravel/framework/src/Illuminate/Pipeline/Pipeline.php(219): Illuminate/Foundation/Http/Middleware/InvokeDeferredCallbacks->handle(Object(Illuminate/Http/Request), Object(Closure))
#34 C:/Users/regin/Downloads/miswan-fashion/miswan-fashion/vendor/laravel/framework/src/Illuminate/Http/Middleware/ValidatePathEncoding.php(26): Illuminate/Pipeline/Pipeline->Illuminate/Pipeline/{closure}(Object(Illuminate/Http/Request))
#35 C:/Users/regin/Downloads/miswan-fashion/miswan-fashion/vendor/laravel/framework/src/Illuminate/Pipeline/Pipeline.php(219): Illuminate/Http/Middleware/ValidatePathEncoding->handle(Object(Illuminate/Http/Request), Object(Closure))
#36 C:/Users/regin/Downloads/miswan-fashion/miswan-fashion/vendor/laravel/framework/src/Illuminate/Pipeline/Pipeline.php(137): Illuminate/Pipeline/Pipeline->Illuminate/Pipeline/{closure}(Object(Illuminate/Http/Request))
#37 C:/Users/regin/Downloads/miswan-fashion/miswan-fashion/vendor/laravel/framework/src/Illuminate/Foundation/Http/Kernel.php(175): Illuminate/Pipeline/Pipeline->then(Object(Closure))
#38 C:/Users/regin/Downloads/miswan-fashion/miswan-fashion/vendor/laravel/framework/src/Illuminate/Foundation/Http/Kernel.php(144): Illuminate/Foundation/Http/Kernel->sendRequestThroughRouter(Object(Illuminate/Http/Request))
#39 C:/Users/regin/Downloads/miswan-fashion/miswan-fashion/vendor/laravel/framework/src/Illuminate/Foundation/Application.php(1220): Illuminate/Foundation/Http/Kernel->handle(Object(Illuminate/Http/Request))
#40 C:/Users/regin/Downloads/miswan-fashion/miswan-fashion/public/index.php(20): Illuminate/Foundation/Application->handleRequest(Object(Illuminate/Http/Request))
#41 C:/Users/regin/Downloads/miswan-fashion/miswan-fashion/vendor/laravel/framework/src/Illuminate/Foundation/resources/server.php(23): require_once('C://Users//regin//...')
#42 {main}
"} 
[2026-08-16 13:58:15] local.ERROR: Call to undefined function Illuminate\Support\mb_split() {"exception":"[object] (Error(code: 0): Call to undefined function Illuminate\\Support\\mb_split() at C:/Users/regin/Downloads/miswan-fashion/miswan-fashion/vendor/laravel/framework/src/Illuminate/Support/Str.php:1722)
[stacktrace]
#0 C:/Users/regin/Downloads/miswan-fashion/miswan-fashion/vendor/laravel/framework/src/Illuminate/Support/Manager.php(98): Illuminate/Support/Str::studly('file')
#1 C:/Users/regin/Downloads/miswan-fashion/miswan-fashion/vendor/laravel/framework/src/Illuminate/Support/Manager.php(78): Illuminate/Support/Manager->createDriver('file')
#2 C:/Users/regin/Downloads/miswan-fashion/miswan-fashion/vendor/laravel/framework/src/Illuminate/Session/SessionServiceProvider.php(52): Illuminate/Support/Manager->driver()
#3 C:/Users/regin/Downloads/miswan-fashion/miswan-fashion/vendor/laravel/framework/src/Illuminate/Container/Container.php(1115): Illuminate/Session/SessionServiceProvider->Illuminate/Session/{closure}(Object(Illuminate/Foundation/Application), Array)
#4 C:/Users/regin/Downloads/miswan-fashion/miswan-fashion/vendor/laravel/framework/src/Illuminate/Container/Container.php(933): Illuminate/Container/Container->build(Object(Closure))
#5 C:/Users/regin/Downloads/miswan-fashion/miswan-fashion/vendor/laravel/framework/src/Illuminate/Foundation/Application.php(1078): Illuminate/Container/Container->resolve('session.store', Array, true)
#6 C:/Users/regin/Downloads/miswan-fashion/miswan-fashion/vendor/laravel/framework/src/Illuminate/Container/Container.php(864): Illuminate/Foundation/Application->resolve('session.store', Array)
#7 C:/Users/regin/Downloads/miswan-fashion/miswan-fashion/vendor/laravel/framework/src/Illuminate/Foundation/Application.php(1058): Illuminate/Container/Container->make('session.store', Array)
#8 C:/Users/regin/Downloads/miswan-fashion/miswan-fashion/vendor/laravel/framework/src/Illuminate/Container/Container.php(1805): Illuminate/Foundation/Application->make('session.store')
#9 C:/Users/regin/Downloads/miswan-fashion/miswan-fashion/vendor/laravel/framework/src/Illuminate/Routing/RoutingServiceProvider.php(121): Illuminate/Container/Container->offsetGet('session.store')
#10 C:/Users/regin/Downloads/miswan-fashion/miswan-fashion/vendor/laravel/framework/src/Illuminate/Container/Container.php(1115): Illuminate/Routing/RoutingServiceProvider->Illuminate/Routing/{closure}(Object(Illuminate/Foundation/Application), Array)
#11 C:/Users/regin/Downloads/miswan-fashion/miswan-fashion/vendor/laravel/framework/src/Illuminate/Container/Container.php(933): Illuminate/Container/Container->build(Object(Closure))
#12 C:/Users/regin/Downloads/miswan-fashion/miswan-fashion/vendor/laravel/framework/src/Illuminate/Foundation/Application.php(1078): Illuminate/Container/Container->resolve('redirect', Array, true)
#13 C:/Users/regin/Downloads/miswan-fashion/miswan-fashion/vendor/laravel/framework/src/Illuminate/Container/Container.php(864): Illuminate/Foundation/Application->resolve('redirect', Array)
#14 C:/Users/regin/Downloads/miswan-fashion/miswan-fashion/vendor/laravel/framework/src/Illuminate/Foundation/Application.php(1058): Illuminate/Container/Container->make('redirect', Array)
#15 C:/Users/regin/Downloads/miswan-fashion/miswan-fashion/vendor/laravel/framework/src/Illuminate/Container/Container.php(1805): Illuminate/Foundation/Application->make('redirect')
#16 C:/Users/regin/Downloads/miswan-fashion/miswan-fashion/vendor/laravel/framework/src/Illuminate/Routing/RoutingServiceProvider.php(177): Illuminate/Container/Container->offsetGet('redirect')
#17 C:/Users/regin/Downloads/miswan-fashion/miswan-fashion/vendor/laravel/framework/src/Illuminate/Container/Container.php(1115): Illuminate/Routing/RoutingServiceProvider->Illuminate/Routing/{closure}(Object(Illuminate/Foundation/Application), Array)
#18 C:/Users/regin/Downloads/miswan-fashion/miswan-fashion/vendor/laravel/framework/src/Illuminate/Container/Container.php(933): Illuminate/Container/Container->build(Object(Closure))
#19 C:/Users/regin/Downloads/miswan-fashion/miswan-fashion/vendor/laravel/framework/src/Illuminate/Foundation/Application.php(1078): Illuminate/Container/Container->resolve('Illuminate//Cont...', Array, true)
#20 C:/Users/regin/Downloads/miswan-fashion/miswan-fashion/vendor/laravel/framework/src/Illuminate/Container/Container.php(864): Illuminate/Foundation/Application->resolve('Illuminate//Cont...', Array)
#21 C:/Users/regin/Downloads/miswan-fashion/miswan-fashion/vendor/laravel/framework/src/Illuminate/Foundation/Application.php(1058): Illuminate/Container/Container->make('Illuminate//Cont...', Array)
#22 C:/Users/regin/Downloads/miswan-fashion/miswan-fashion/vendor/laravel/framework/src/Illuminate/Foundation/helpers.php(138): Illuminate/Foundation/Application->make('Illuminate//Cont...', Array)
#23 C:/Users/regin/Downloads/miswan-fashion/miswan-fashion/vendor/laravel/framework/src/Illuminate/Foundation/helpers.php(850): app('Illuminate//Cont...')
#24 C:/Users/regin/Downloads/miswan-fashion/miswan-fashion/vendor/laravel/framework/src/Illuminate/Foundation/Exceptions/Handler.php(987): response('<!-- Call to un...', 500, Array)
#25 C:/Users/regin/Downloads/miswan-fashion/miswan-fashion/vendor/laravel/framework/src/Illuminate/Foundation/Exceptions/Handler.php(839): Illuminate/Foundation/Exceptions/Handler->toIlluminateResponse(Object(Symfony/Component/HttpFoundation/Response), Object(Error))
#26 C:/Users/regin/Downloads/miswan-fashion/miswan-fashion/vendor/laravel/framework/src/Illuminate/Foundation/Exceptions/Handler.php(738): Illuminate/Foundation/Exceptions/Handler->prepareResponse(Object(Illuminate/Http/Request), Object(Error))
#27 C:/Users/regin/Downloads/miswan-fashion/miswan-fashion/vendor/laravel/framework/src/Illuminate/Foundation/Exceptions/Handler.php(626): Illuminate/Foundation/Exceptions/Handler->renderExceptionResponse(Object(Illuminate/Http/Request), Object(Error))
#28 C:/Users/regin/Downloads/miswan-fashion/miswan-fashion/vendor/laravel/framework/src/Illuminate/Routing/Pipeline.php(51): Illuminate/Foundation/Exceptions/Handler->render(Object(Illuminate/Http/Request), Object(Error))
#29 C:/Users/regin/Downloads/miswan-fashion/miswan-fashion/vendor/laravel/framework/src/Illuminate/Pipeline/Pipeline.php(224): Illuminate/Routing/Pipeline->handleException(Object(Illuminate/Http/Request), Object(Error))
#30 C:/Users/regin/Downloads/miswan-fashion/miswan-fashion/vendor/laravel/framework/src/Illuminate/Foundation/Http/Middleware/InvokeDeferredCallbacks.php(22): Illuminate/Pipeline/Pipeline->Illuminate/Pipeline/{closure}(Object(Illuminate/Http/Request))
#31 C:/Users/regin/Downloads/miswan-fashion/miswan-fashion/vendor/laravel/framework/src/Illuminate/Pipeline/Pipeline.php(219): Illuminate/Foundation/Http/Middleware/InvokeDeferredCallbacks->handle(Object(Illuminate/Http/Request), Object(Closure))
#32 C:/Users/regin/Downloads/miswan-fashion/miswan-fashion/vendor/laravel/framework/src/Illuminate/Http/Middleware/ValidatePathEncoding.php(26): Illuminate/Pipeline/Pipeline->Illuminate/Pipeline/{closure}(Object(Illuminate/Http/Request))
#33 C:/Users/regin/Downloads/miswan-fashion/miswan-fashion/vendor/laravel/framework/src/Illuminate/Pipeline/Pipeline.php(219): Illuminate/Http/Middleware/ValidatePathEncoding->handle(Object(Illuminate/Http/Request), Object(Closure))
#34 C:/Users/regin/Downloads/miswan-fashion/miswan-fashion/vendor/laravel/framework/src/Illuminate/Pipeline/Pipeline.php(137): Illuminate/Pipeline/Pipeline->Illuminate/Pipeline/{closure}(Object(Illuminate/Http/Request))
#35 C:/Users/regin/Downloads/miswan-fashion/miswan-fashion/vendor/laravel/framework/src/Illuminate/Foundation/Http/Kernel.php(175): Illuminate/Pipeline/Pipeline->then(Object(Closure))
#36 C:/Users/regin/Downloads/miswan-fashion/miswan-fashion/vendor/laravel/framework/src/Illuminate/Foundation/Http/Kernel.php(144): Illuminate/Foundation/Http/Kernel->sendRequestThroughRouter(Object(Illuminate/Http/Request))
#37 C:/Users/regin/Downloads/miswan-fashion/miswan-fashion/vendor/laravel/framework/src/Illuminate/Foundation/Application.php(1220): Illuminate/Foundation/Http/Kernel->handle(Object(Illuminate/Http/Request))
#38 C:/Users/regin/Downloads/miswan-fashion/miswan-fashion/public/index.php(20): Illuminate/Foundation/Application->handleRequest(Object(Illuminate/Http/Request))
#39 C:/Users/regin/Downloads/miswan-fashion/miswan-fashion/vendor/laravel/framework/src/Illuminate/Foundation/resources/server.php(23): require_once('C://Users//regin//...')
#40 {main}
"} 
[2026-08-16 13:58:15] local.ERROR: Call to undefined function Illuminate\Support\mb_split() {"exception":"[object] (Error(code: 0): Call to undefined function Illuminate\\Support\\mb_split() at C:/Users/regin/Downloads/miswan-fashion/miswan-fashion/vendor/laravel/framework/src/Illuminate/Support/Str.php:1722)
[stacktrace]
#0 C:/Users/regin/Downloads/miswan-fashion/miswan-fashion/vendor/laravel/framework/src/Illuminate/Support/Manager.php(98): Illuminate/Support/Str::studly('file')
#1 C:/Users/regin/Downloads/miswan-fashion/miswan-fashion/vendor/laravel/framework/src/Illuminate/Support/Manager.php(78): Illuminate/Support/Manager->createDriver('file')
#2 C:/Users/regin/Downloads/miswan-fashion/miswan-fashion/vendor/laravel/framework/src/Illuminate/Session/SessionServiceProvider.php(52): Illuminate/Support/Manager->driver()
#3 C:/Users/regin/Downloads/miswan-fashion/miswan-fashion/vendor/laravel/framework/src/Illuminate/Container/Container.php(1115): Illuminate/Session/SessionServiceProvider->Illuminate/Session/{closure}(Object(Illuminate/Foundation/Application), Array)
#4 C:/Users/regin/Downloads/miswan-fashion/miswan-fashion/vendor/laravel/framework/src/Illuminate/Container/Container.php(933): Illuminate/Container/Container->build(Object(Closure))
#5 C:/Users/regin/Downloads/miswan-fashion/miswan-fashion/vendor/laravel/framework/src/Illuminate/Foundation/Application.php(1078): Illuminate/Container/Container->resolve('session.store', Array, true)
#6 C:/Users/regin/Downloads/miswan-fashion/miswan-fashion/vendor/laravel/framework/src/Illuminate/Container/Container.php(864): Illuminate/Foundation/Application->resolve('session.store', Array)
#7 C:/Users/regin/Downloads/miswan-fashion/miswan-fashion/vendor/laravel/framework/src/Illuminate/Foundation/Application.php(1058): Illuminate/Container/Container->make('session.store', Array)
#8 C:/Users/regin/Downloads/miswan-fashion/miswan-fashion/vendor/laravel/framework/src/Illuminate/Container/Container.php(1805): Illuminate/Foundation/Application->make('session.store')
#9 C:/Users/regin/Downloads/miswan-fashion/miswan-fashion/vendor/laravel/framework/src/Illuminate/Routing/RoutingServiceProvider.php(121): Illuminate/Container/Container->offsetGet('session.store')
#10 C:/Users/regin/Downloads/miswan-fashion/miswan-fashion/vendor/laravel/framework/src/Illuminate/Container/Container.php(1115): Illuminate/Routing/RoutingServiceProvider->Illuminate/Routing/{closure}(Object(Illuminate/Foundation/Application), Array)
#11 C:/Users/regin/Downloads/miswan-fashion/miswan-fashion/vendor/laravel/framework/src/Illuminate/Container/Container.php(933): Illuminate/Container/Container->build(Object(Closure))
#12 C:/Users/regin/Downloads/miswan-fashion/miswan-fashion/vendor/laravel/framework/src/Illuminate/Foundation/Application.php(1078): Illuminate/Container/Container->resolve('redirect', Array, true)
#13 C:/Users/regin/Downloads/miswan-fashion/miswan-fashion/vendor/laravel/framework/src/Illuminate/Container/Container.php(864): Illuminate/Foundation/Application->resolve('redirect', Array)
#14 C:/Users/regin/Downloads/miswan-fashion/miswan-fashion/vendor/laravel/framework/src/Illuminate/Foundation/Application.php(1058): Illuminate/Container/Container->make('redirect', Array)
#15 C:/Users/regin/Downloads/miswan-fashion/miswan-fashion/vendor/laravel/framework/src/Illuminate/Container/Container.php(1805): Illuminate/Foundation/Application->make('redirect')
#16 C:/Users/regin/Downloads/miswan-fashion/miswan-fashion/vendor/laravel/framework/src/Illuminate/Routing/RoutingServiceProvider.php(177): Illuminate/Container/Container->offsetGet('redirect')
#17 C:/Users/regin/Downloads/miswan-fashion/miswan-fashion/vendor/laravel/framework/src/Illuminate/Container/Container.php(1115): Illuminate/Routing/RoutingServiceProvider->Illuminate/Routing/{closure}(Object(Illuminate/Foundation/Application), Array)
#18 C:/Users/regin/Downloads/miswan-fashion/miswan-fashion/vendor/laravel/framework/src/Illuminate/Container/Container.php(933): Illuminate/Container/Container->build(Object(Closure))
#19 C:/Users/regin/Downloads/miswan-fashion/miswan-fashion/vendor/laravel/framework/src/Illuminate/Foundation/Application.php(1078): Illuminate/Container/Container->resolve('Illuminate//Cont...', Array, true)
#20 C:/Users/regin/Downloads/miswan-fashion/miswan-fashion/vendor/laravel/framework/src/Illuminate/Container/Container.php(864): Illuminate/Foundation/Application->resolve('Illuminate//Cont...', Array)
#21 C:/Users/regin/Downloads/miswan-fashion/miswan-fashion/vendor/laravel/framework/src/Illuminate/Foundation/Application.php(1058): Illuminate/Container/Container->make('Illuminate//Cont...', Array)
#22 C:/Users/regin/Downloads/miswan-fashion/miswan-fashion/vendor/laravel/framework/src/Illuminate/Foundation/helpers.php(138): Illuminate/Foundation/Application->make('Illuminate//Cont...', Array)
#23 C:/Users/regin/Downloads/miswan-fashion/miswan-fashion/vendor/laravel/framework/src/Illuminate/Foundation/helpers.php(850): app('Illuminate//Cont...')
#24 C:/Users/regin/Downloads/miswan-fashion/miswan-fashion/vendor/laravel/framework/src/Illuminate/Foundation/Exceptions/Handler.php(987): response('<!-- Call to un...', 500, Array)
#25 C:/Users/regin/Downloads/miswan-fashion/miswan-fashion/vendor/laravel/framework/src/Illuminate/Foundation/Exceptions/Handler.php(839): Illuminate/Foundation/Exceptions/Handler->toIlluminateResponse(Object(Symfony/Component/HttpFoundation/Response), Object(Error))
#26 C:/Users/regin/Downloads/miswan-fashion/miswan-fashion/vendor/laravel/framework/src/Illuminate/Foundation/Exceptions/Handler.php(738): Illuminate/Foundation/Exceptions/Handler->prepareResponse(Object(Illuminate/Http/Request), Object(Error))
#27 C:/Users/regin/Downloads/miswan-fashion/miswan-fashion/vendor/laravel/framework/src/Illuminate/Foundation/Exceptions/Handler.php(626): Illuminate/Foundation/Exceptions/Handler->renderExceptionResponse(Object(Illuminate/Http/Request), Object(Error))
#28 C:/Users/regin/Downloads/miswan-fashion/miswan-fashion/vendor/laravel/framework/src/Illuminate/Routing/Pipeline.php(51): Illuminate/Foundation/Exceptions/Handler->render(Object(Illuminate/Http/Request), Object(Error))
#29 C:/Users/regin/Downloads/miswan-fashion/miswan-fashion/vendor/laravel/framework/src/Illuminate/Pipeline/Pipeline.php(224): Illuminate/Routing/Pipeline->handleException(Object(Illuminate/Http/Request), Object(Error))
#30 C:/Users/regin/Downloads/miswan-fashion/miswan-fashion/vendor/laravel/framework/src/Illuminate/Http/Middleware/ValidatePathEncoding.php(26): Illuminate/Pipeline/Pipeline->Illuminate/Pipeline/{closure}(Object(Illuminate/Http/Request))
#31 C:/Users/regin/Downloads/miswan-fashion/miswan-fashion/vendor/laravel/framework/src/Illuminate/Pipeline/Pipeline.php(219): Illuminate/Http/Middleware/ValidatePathEncoding->handle(Object(Illuminate/Http/Request), Object(Closure))
#32 C:/Users/regin/Downloads/miswan-fashion/miswan-fashion/vendor/laravel/framework/src/Illuminate/Pipeline/Pipeline.php(137): Illuminate/Pipeline/Pipeline->Illuminate/Pipeline/{closure}(Object(Illuminate/Http/Request))
#33 C:/Users/regin/Downloads/miswan-fashion/miswan-fashion/vendor/laravel/framework/src/Illuminate/Foundation/Http/Kernel.php(175): Illuminate/Pipeline/Pipeline->then(Object(Closure))
#34 C:/Users/regin/Downloads/miswan-fashion/miswan-fashion/vendor/laravel/framework/src/Illuminate/Foundation/Http/Kernel.php(144): Illuminate/Foundation/Http/Kernel->sendRequestThroughRouter(Object(Illuminate/Http/Request))
#35 C:/Users/regin/Downloads/miswan-fashion/miswan-fashion/vendor/laravel/framework/src/Illuminate/Foundation/Application.php(1220): Illuminate/Foundation/Http/Kernel->handle(Object(Illuminate/Http/Request))
#36 C:/Users/regin/Downloads/miswan-fashion/miswan-fashion/public/index.php(20): Illuminate/Foundation/Application->handleRequest(Object(Illuminate/Http/Request))
#37 C:/Users/regin/Downloads/miswan-fashion/miswan-fashion/vendor/laravel/framework/src/Illuminate/Foundation/resources/server.php(23): require_once('C://Users//regin//...')
#38 {main}
"} 
[2026-08-16 13:58:16] local.ERROR: Call to undefined function Illuminate\Support\mb_split() {"exception":"[object] (Error(code: 0): Call to undefined function Illuminate\\Support\\mb_split() at C:/Users/regin/Downloads/miswan-fashion/miswan-fashion/vendor/laravel/framework/src/Illuminate/Support/Str.php:1722)
[stacktrace]
#0 C:/Users/regin/Downloads/miswan-fashion/miswan-fashion/vendor/laravel/framework/src/Illuminate/Support/Manager.php(98): Illuminate/Support/Str::studly('file')
#1 C:/Users/regin/Downloads/miswan-fashion/miswan-fashion/vendor/laravel/framework/src/Illuminate/Support/Manager.php(78): Illuminate/Support/Manager->createDriver('file')
#2 C:/Users/regin/Downloads/miswan-fashion/miswan-fashion/vendor/laravel/framework/src/Illuminate/Session/SessionServiceProvider.php(52): Illuminate/Support/Manager->driver()
#3 C:/Users/regin/Downloads/miswan-fashion/miswan-fashion/vendor/laravel/framework/src/Illuminate/Container/Container.php(1115): Illuminate/Session/SessionServiceProvider->Illuminate/Session/{closure}(Object(Illuminate/Foundation/Application), Array)
#4 C:/Users/regin/Downloads/miswan-fashion/miswan-fashion/vendor/laravel/framework/src/Illuminate/Container/Container.php(933): Illuminate/Container/Container->build(Object(Closure))
#5 C:/Users/regin/Downloads/miswan-fashion/miswan-fashion/vendor/laravel/framework/src/Illuminate/Foundation/Application.php(1078): Illuminate/Container/Container->resolve('session.store', Array, true)
#6 C:/Users/regin/Downloads/miswan-fashion/miswan-fashion/vendor/laravel/framework/src/Illuminate/Container/Container.php(864): Illuminate/Foundation/Application->resolve('session.store', Array)
#7 C:/Users/regin/Downloads/miswan-fashion/miswan-fashion/vendor/laravel/framework/src/Illuminate/Foundation/Application.php(1058): Illuminate/Container/Container->make('session.store', Array)
#8 C:/Users/regin/Downloads/miswan-fashion/miswan-fashion/vendor/laravel/framework/src/Illuminate/Container/Container.php(1805): Illuminate/Foundation/Application->make('session.store')
#9 C:/Users/regin/Downloads/miswan-fashion/miswan-fashion/vendor/laravel/framework/src/Illuminate/Routing/RoutingServiceProvider.php(121): Illuminate/Container/Container->offsetGet('session.store')
#10 C:/Users/regin/Downloads/miswan-fashion/miswan-fashion/vendor/laravel/framework/src/Illuminate/Container/Container.php(1115): Illuminate/Routing/RoutingServiceProvider->Illuminate/Routing/{closure}(Object(Illuminate/Foundation/Application), Array)
#11 C:/Users/regin/Downloads/miswan-fashion/miswan-fashion/vendor/laravel/framework/src/Illuminate/Container/Container.php(933): Illuminate/Container/Container->build(Object(Closure))
#12 C:/Users/regin/Downloads/miswan-fashion/miswan-fashion/vendor/laravel/framework/src/Illuminate/Foundation/Application.php(1078): Illuminate/Container/Container->resolve('redirect', Array, true)
#13 C:/Users/regin/Downloads/miswan-fashion/miswan-fashion/vendor/laravel/framework/src/Illuminate/Container/Container.php(864): Illuminate/Foundation/Application->resolve('redirect', Array)
#14 C:/Users/regin/Downloads/miswan-fashion/miswan-fashion/vendor/laravel/framework/src/Illuminate/Foundation/Application.php(1058): Illuminate/Container/Container->make('redirect', Array)
#15 C:/Users/regin/Downloads/miswan-fashion/miswan-fashion/vendor/laravel/framework/src/Illuminate/Container/Container.php(1805): Illuminate/Foundation/Application->make('redirect')
#16 C:/Users/regin/Downloads/miswan-fashion/miswan-fashion/vendor/laravel/framework/src/Illuminate/Routing/RoutingServiceProvider.php(177): Illuminate/Container/Container->offsetGet('redirect')
#17 C:/Users/regin/Downloads/miswan-fashion/miswan-fashion/vendor/laravel/framework/src/Illuminate/Container/Container.php(1115): Illuminate/Routing/RoutingServiceProvider->Illuminate/Routing/{closure}(Object(Illuminate/Foundation/Application), Array)
#18 C:/Users/regin/Downloads/miswan-fashion/miswan-fashion/vendor/laravel/framework/src/Illuminate/Container/Container.php(933): Illuminate/Container/Container->build(Object(Closure))
#19 C:/Users/regin/Downloads/miswan-fashion/miswan-fashion/vendor/laravel/framework/src/Illuminate/Foundation/Application.php(1078): Illuminate/Container/Container->resolve('Illuminate//Cont...', Array, true)
#20 C:/Users/regin/Downloads/miswan-fashion/miswan-fashion/vendor/laravel/framework/src/Illuminate/Container/Container.php(864): Illuminate/Foundation/Application->resolve('Illuminate//Cont...', Array)
#21 C:/Users/regin/Downloads/miswan-fashion/miswan-fashion/vendor/laravel/framework/src/Illuminate/Foundation/Application.php(1058): Illuminate/Container/Container->make('Illuminate//Cont...', Array)
#22 C:/Users/regin/Downloads/miswan-fashion/miswan-fashion/vendor/laravel/framework/src/Illuminate/Foundation/helpers.php(138): Illuminate/Foundation/Application->make('Illuminate//Cont...', Array)
#23 C:/Users/regin/Downloads/miswan-fashion/miswan-fashion/vendor/laravel/framework/src/Illuminate/Foundation/helpers.php(850): app('Illuminate//Cont...')
#24 C:/Users/regin/Downloads/miswan-fashion/miswan-fashion/vendor/laravel/framework/src/Illuminate/Foundation/Exceptions/Handler.php(987): response('<!-- Call to un...', 500, Array)
#25 C:/Users/regin/Downloads/miswan-fashion/miswan-fashion/vendor/laravel/framework/src/Illuminate/Foundation/Exceptions/Handler.php(839): Illuminate/Foundation/Exceptions/Handler->toIlluminateResponse(Object(Symfony/Component/HttpFoundation/Response), Object(Error))
#26 C:/Users/regin/Downloads/miswan-fashion/miswan-fashion/vendor/laravel/framework/src/Illuminate/Foundation/Exceptions/Handler.php(738): Illuminate/Foundation/Exceptions/Handler->prepareResponse(Object(Illuminate/Http/Request), Object(Error))
#27 C:/Users/regin/Downloads/miswan-fashion/miswan-fashion/vendor/laravel/framework/src/Illuminate/Foundation/Exceptions/Handler.php(626): Illuminate/Foundation/Exceptions/Handler->renderExceptionResponse(Object(Illuminate/Http/Request), Object(Error))
#28 C:/Users/regin/Downloads/miswan-fashion/miswan-fashion/vendor/laravel/framework/src/Illuminate/Routing/Pipeline.php(51): Illuminate/Foundation/Exceptions/Handler->render(Object(Illuminate/Http/Request), Object(Error))
#29 C:/Users/regin/Downloads/miswan-fashion/miswan-fashion/vendor/laravel/framework/src/Illuminate/Pipeline/Pipeline.php(224): Illuminate/Routing/Pipeline->handleException(Object(Illuminate/Http/Request), Object(Error))
#30 C:/Users/regin/Downloads/miswan-fashion/miswan-fashion/vendor/laravel/framework/src/Illuminate/Pipeline/Pipeline.php(137): Illuminate/Pipeline/Pipeline->Illuminate/Pipeline/{closure}(Object(Illuminate/Http/Request))
#31 C:/Users/regin/Downloads/miswan-fashion/miswan-fashion/vendor/laravel/framework/src/Illuminate/Foundation/Http/Kernel.php(175): Illuminate/Pipeline/Pipeline->then(Object(Closure))
#32 C:/Users/regin/Downloads/miswan-fashion/miswan-fashion/vendor/laravel/framework/src/Illuminate/Foundation/Http/Kernel.php(144): Illuminate/Foundation/Http/Kernel->sendRequestThroughRouter(Object(Illuminate/Http/Request))
#33 C:/Users/regin/Downloads/miswan-fashion/miswan-fashion/vendor/laravel/framework/src/Illuminate/Foundation/Application.php(1220): Illuminate/Foundation/Http/Kernel->handle(Object(Illuminate/Http/Request))
#34 C:/Users/regin/Downloads/miswan-fashion/miswan-fashion/public/index.php(20): Illuminate/Foundation/Application->handleRequest(Object(Illuminate/Http/Request))
#35 C:/Users/regin/Downloads/miswan-fashion/miswan-fashion/vendor/laravel/framework/src/Illuminate/Foundation/resources/server.php(23): require_once('C://Users//regin//...')
#36 {main}
"} 
[2026-08-16 13:58:16] local.ERROR: Call to undefined function Illuminate\Support\mb_split() {"exception":"[object] (Error(code: 0): Call to undefined function Illuminate\\Support\\mb_split() at C:/Users/regin/Downloads/miswan-fashion/miswan-fashion/vendor/laravel/framework/src/Illuminate/Support/Str.php:1722)
[stacktrace]
#0 C:/Users/regin/Downloads/miswan-fashion/miswan-fashion/vendor/laravel/framework/src/Illuminate/Support/Manager.php(98): Illuminate/Support/Str::studly('file')
#1 C:/Users/regin/Downloads/miswan-fashion/miswan-fashion/vendor/laravel/framework/src/Illuminate/Support/Manager.php(78): Illuminate/Support/Manager->createDriver('file')
#2 C:/Users/regin/Downloads/miswan-fashion/miswan-fashion/vendor/laravel/framework/src/Illuminate/Session/SessionServiceProvider.php(52): Illuminate/Support/Manager->driver()
#3 C:/Users/regin/Downloads/miswan-fashion/miswan-fashion/vendor/laravel/framework/src/Illuminate/Container/Container.php(1115): Illuminate/Session/SessionServiceProvider->Illuminate/Session/{closure}(Object(Illuminate/Foundation/Application), Array)
#4 C:/Users/regin/Downloads/miswan-fashion/miswan-fashion/vendor/laravel/framework/src/Illuminate/Container/Container.php(933): Illuminate/Container/Container->build(Object(Closure))
#5 C:/Users/regin/Downloads/miswan-fashion/miswan-fashion/vendor/laravel/framework/src/Illuminate/Foundation/Application.php(1078): Illuminate/Container/Container->resolve('session.store', Array, true)
#6 C:/Users/regin/Downloads/miswan-fashion/miswan-fashion/vendor/laravel/framework/src/Illuminate/Container/Container.php(864): Illuminate/Foundation/Application->resolve('session.store', Array)
#7 C:/Users/regin/Downloads/miswan-fashion/miswan-fashion/vendor/laravel/framework/src/Illuminate/Foundation/Application.php(1058): Illuminate/Container/Container->make('session.store', Array)
#8 C:/Users/regin/Downloads/miswan-fashion/miswan-fashion/vendor/laravel/framework/src/Illuminate/Container/Container.php(1805): Illuminate/Foundation/Application->make('session.store')
#9 C:/Users/regin/Downloads/miswan-fashion/miswan-fashion/vendor/laravel/framework/src/Illuminate/Routing/RoutingServiceProvider.php(121): Illuminate/Container/Container->offsetGet('session.store')
#10 C:/Users/regin/Downloads/miswan-fashion/miswan-fashion/vendor/laravel/framework/src/Illuminate/Container/Container.php(1115): Illuminate/Routing/RoutingServiceProvider->Illuminate/Routing/{closure}(Object(Illuminate/Foundation/Application), Array)
#11 C:/Users/regin/Downloads/miswan-fashion/miswan-fashion/vendor/laravel/framework/src/Illuminate/Container/Container.php(933): Illuminate/Container/Container->build(Object(Closure))
#12 C:/Users/regin/Downloads/miswan-fashion/miswan-fashion/vendor/laravel/framework/src/Illuminate/Foundation/Application.php(1078): Illuminate/Container/Container->resolve('redirect', Array, true)
#13 C:/Users/regin/Downloads/miswan-fashion/miswan-fashion/vendor/laravel/framework/src/Illuminate/Container/Container.php(864): Illuminate/Foundation/Application->resolve('redirect', Array)
#14 C:/Users/regin/Downloads/miswan-fashion/miswan-fashion/vendor/laravel/framework/src/Illuminate/Foundation/Application.php(1058): Illuminate/Container/Container->make('redirect', Array)
#15 C:/Users/regin/Downloads/miswan-fashion/miswan-fashion/vendor/laravel/framework/src/Illuminate/Container/Container.php(1805): Illuminate/Foundation/Application->make('redirect')
#16 C:/Users/regin/Downloads/miswan-fashion/miswan-fashion/vendor/laravel/framework/src/Illuminate/Routing/RoutingServiceProvider.php(177): Illuminate/Container/Container->offsetGet('redirect')
#17 C:/Users/regin/Downloads/miswan-fashion/miswan-fashion/vendor/laravel/framework/src/Illuminate/Container/Container.php(1115): Illuminate/Routing/RoutingServiceProvider->Illuminate/Routing/{closure}(Object(Illuminate/Foundation/Application), Array)
#18 C:/Users/regin/Downloads/miswan-fashion/miswan-fashion/vendor/laravel/framework/src/Illuminate/Container/Container.php(933): Illuminate/Container/Container->build(Object(Closure))
#19 C:/Users/regin/Downloads/miswan-fashion/miswan-fashion/vendor/laravel/framework/src/Illuminate/Foundation/Application.php(1078): Illuminate/Container/Container->resolve('Illuminate//Cont...', Array, true)
#20 C:/Users/regin/Downloads/miswan-fashion/miswan-fashion/vendor/laravel/framework/src/Illuminate/Container/Container.php(864): Illuminate/Foundation/Application->resolve('Illuminate//Cont...', Array)
#21 C:/Users/regin/Downloads/miswan-fashion/miswan-fashion/vendor/laravel/framework/src/Illuminate/Foundation/Application.php(1058): Illuminate/Container/Container->make('Illuminate//Cont...', Array)
#22 C:/Users/regin/Downloads/miswan-fashion/miswan-fashion/vendor/laravel/framework/src/Illuminate/Foundation/helpers.php(138): Illuminate/Foundation/Application->make('Illuminate//Cont...', Array)
#23 C:/Users/regin/Downloads/miswan-fashion/miswan-fashion/vendor/laravel/framework/src/Illuminate/Foundation/helpers.php(850): app('Illuminate//Cont...')
#24 C:/Users/regin/Downloads/miswan-fashion/miswan-fashion/vendor/laravel/framework/src/Illuminate/Foundation/Exceptions/Handler.php(987): response('<!-- Call to un...', 500, Array)
#25 C:/Users/regin/Downloads/miswan-fashion/miswan-fashion/vendor/laravel/framework/src/Illuminate/Foundation/Exceptions/Handler.php(839): Illuminate/Foundation/Exceptions/Handler->toIlluminateResponse(Object(Symfony/Component/HttpFoundation/Response), Object(Error))
#26 C:/Users/regin/Downloads/miswan-fashion/miswan-fashion/vendor/laravel/framework/src/Illuminate/Foundation/Exceptions/Handler.php(738): Illuminate/Foundation/Exceptions/Handler->prepareResponse(Object(Illuminate/Http/Request), Object(Error))
#27 C:/Users/regin/Downloads/miswan-fashion/miswan-fashion/vendor/laravel/framework/src/Illuminate/Foundation/Exceptions/Handler.php(626): Illuminate/Foundation/Exceptions/Handler->renderExceptionResponse(Object(Illuminate/Http/Request), Object(Error))
#28 C:/Users/regin/Downloads/miswan-fashion/miswan-fashion/vendor/laravel/framework/src/Illuminate/Foundation/Http/Kernel.php(574): Illuminate/Foundation/Exceptions/Handler->render(Object(Illuminate/Http/Request), Object(Error))
#29 C:/Users/regin/Downloads/miswan-fashion/miswan-fashion/vendor/laravel/framework/src/Illuminate/Foundation/Http/Kernel.php(148): Illuminate/Foundation/Http/Kernel->renderException(Object(Illuminate/Http/Request), Object(Error))
#30 C:/Users/regin/Downloads/miswan-fashion/miswan-fashion/vendor/laravel/framework/src/Illuminate/Foundation/Application.php(1220): Illuminate/Foundation/Http/Kernel->handle(Object(Illuminate/Http/Request))
#31 C:/Users/regin/Downloads/miswan-fashion/miswan-fashion/public/index.php(20): Illuminate/Foundation/Application->handleRequest(Object(Illuminate/Http/Request))
#32 C:/Users/regin/Downloads/miswan-fashion/miswan-fashion/vendor/laravel/framework/src/Illuminate/Foundation/resources/server.php(23): require_once('C://Users//regin//...')
#33 {main}
"} 
[2026-08-16 13:58:17] local.ERROR: Uncaught Error: Call to undefined function Illuminate\Support\mb_split() in C:\Users\regin\Downloads\miswan-fashion\miswan-fashion\vendor\laravel\framework\src\Illuminate\Support\Str.php:1722
Stack trace:
#0 C:\Users\regin\Downloads\miswan-fashion\miswan-fashion\vendor\laravel\framework\src\Illuminate\Support\Manager.php(98): Illuminate\Support\Str::studly('file')
#1 C:\Users\regin\Downloads\miswan-fashion\miswan-fashion\vendor\laravel\framework\src\Illuminate\Support\Manager.php(78): Illuminate\Support\Manager->createDriver('file')
#2 C:\Users\regin\Downloads\miswan-fashion\miswan-fashion\vendor\laravel\framework\src\Illuminate\Session\SessionServiceProvider.php(52): Illuminate\Support\Manager->driver()
#3 C:\Users\regin\Downloads\miswan-fashion\miswan-fashion\vendor\laravel\framework\src\Illuminate\Container\Container.php(1115): Illuminate\Session\SessionServiceProvider->Illuminate\Session\{closure}(Object(Illuminate\Foundation\Application), Array)
#4 C:\Users\regin\Downloads\miswan-fashion\miswan-fashion\vendor\laravel\framework\src\Illuminate\Container\Container.php(933): Illuminate\Container\Container->build(Object(Closure))
#5 C:\Users\regin\Downloads\miswan-fashion\miswan-fashion\vendor\laravel\framework\src\Illuminate\Foundation\Application.php(1078): Illuminate\Container\Container->resolve('session.store', Array, true)
#6 C:\Users\regin\Downloads\miswan-fashion\miswan-fashion\vendor\laravel\framework\src\Illuminate\Container\Container.php(864): Illuminate\Foundation\Application->resolve('session.store', Array)
#7 C:\Users\regin\Downloads\miswan-fashion\miswan-fashion\vendor\laravel\framework\src\Illuminate\Foundation\Application.php(1058): Illuminate\Container\Container->make('session.store', Array)
#8 C:\Users\regin\Downloads\miswan-fashion\miswan-fashion\vendor\laravel\framework\src\Illuminate\Container\Container.php(1805): Illuminate\Foundation\Application->make('session.store')
#9 C:\Users\regin\Downloads\miswan-fashion\miswan-fashion\vendor\laravel\framework\src\Illuminate\Routing\RoutingServiceProvider.php(121): Illuminate\Container\Container->offsetGet('session.store')
#10 C:\Users\regin\Downloads\miswan-fashion\miswan-fashion\vendor\laravel\framework\src\Illuminate\Container\Container.php(1115): Illuminate\Routing\RoutingServiceProvider->Illuminate\Routing\{closure}(Object(Illuminate\Foundation\Application), Array)
#11 C:\Users\regin\Downloads\miswan-fashion\miswan-fashion\vendor\laravel\framework\src\Illuminate\Container\Container.php(933): Illuminate\Container\Container->build(Object(Closure))
#12 C:\Users\regin\Downloads\miswan-fashion\miswan-fashion\vendor\laravel\framework\src\Illuminate\Foundation\Application.php(1078): Illuminate\Container\Container->resolve('redirect', Array, true)
#13 C:\Users\regin\Downloads\miswan-fashion\miswan-fashion\vendor\laravel\framework\src\Illuminate\Container\Container.php(864): Illuminate\Foundation\Application->resolve('redirect', Array)
#14 C:\Users\regin\Downloads\miswan-fashion\miswan-fashion\vendor\laravel\framework\src\Illuminate\Foundation\Application.php(1058): Illuminate\Container\Container->make('redirect', Array)
#15 C:\Users\regin\Downloads\miswan-fashion\miswan-fashion\vendor\laravel\framework\src\Illuminate\Container\Container.php(1805): Illuminate\Foundation\Application->make('redirect')
#16 C:\Users\regin\Downloads\miswan-fashion\miswan-fashion\vendor\laravel\framework\src\Illuminate\Routing\RoutingServiceProvider.php(177): Illuminate\Container\Container->offsetGet('redirect')
#17 C:\Users\regin\Downloads\miswan-fashion\miswan-fashion\vendor\laravel\framework\src\Illuminate\Container\Container.php(1115): Illuminate\Routing\RoutingServiceProvider->Illuminate\Routing\{closure}(Object(Illuminate\Foundation\Application), Array)
#18 C:\Users\regin\Downloads\miswan-fashion\miswan-fashion\vendor\laravel\framework\src\Illuminate\Container\Container.php(933): Illuminate\Container\Container->build(Object(Closure))
#19 C:\Users\regin\Downloads\miswan-fashion\miswan-fashion\vendor\laravel\framework\src\Illuminate\Foundation\Application.php(1078): Illuminate\Container\Container->resolve('Illuminate\\Cont...', Array, true)
#20 C:\Users\regin\Downloads\miswan-fashion\miswan-fashion\vendor\laravel\framework\src\Illuminate\Container\Container.php(864): Illuminate\Foundation\Application->resolve('Illuminate\\Cont...', Array)
#21 C:\Users\regin\Downloads\miswan-fashion\miswan-fashion\vendor\laravel\framework\src\Illuminate\Foundation\Application.php(1058): Illuminate\Container\Container->make('Illuminate\\Cont...', Array)
#22 C:\Users\regin\Downloads\miswan-fashion\miswan-fashion\vendor\laravel\framework\src\Illuminate\Foundation\helpers.php(138): Illuminate\Foundation\Application->make('Illuminate\\Cont...', Array)
#23 C:\Users\regin\Downloads\miswan-fashion\miswan-fashion\vendor\laravel\framework\src\Illuminate\Foundation\helpers.php(850): app('Illuminate\\Cont...')
#24 C:\Users\regin\Downloads\miswan-fashion\miswan-fashion\vendor\laravel\framework\src\Illuminate\Foundation\Exceptions\Handler.php(987): response('<!-- Call to un...', 500, Array)
#25 C:\Users\regin\Downloads\miswan-fashion\miswan-fashion\vendor\laravel\framework\src\Illuminate\Foundation\Exceptions\Handler.php(839): Illuminate\Foundation\Exceptions\Handler->toIlluminateResponse(Object(Symfony\Component\HttpFoundation\Response), Object(Error))
#26 C:\Users\regin\Downloads\miswan-fashion\miswan-fashion\vendor\laravel\framework\src\Illuminate\Foundation\Exceptions\Handler.php(738): Illuminate\Foundation\Exceptions\Handler->prepareResponse(Object(Illuminate\Http\Request), Object(Error))
#27 C:\Users\regin\Downloads\miswan-fashion\miswan-fashion\vendor\laravel\framework\src\Illuminate\Foundation\Exceptions\Handler.php(626): Illuminate\Foundation\Exceptions\Handler->renderExceptionResponse(Object(Illuminate\Http\Request), Object(Error))
#28 C:\Users\regin\Downloads\miswan-fashion\miswan-fashion\vendor\laravel\framework\src\Illuminate\Foundation\Bootstrap\HandleExceptions.php(225): Illuminate\Foundation\Exceptions\Handler->render(Object(Illuminate\Http\Request), Object(Error))
#29 C:\Users\regin\Downloads\miswan-fashion\miswan-fashion\vendor\laravel\framework\src\Illuminate\Foundation\Bootstrap\HandleExceptions.php(202): Illuminate\Foundation\Bootstrap\HandleExceptions->renderHttpResponse(Object(Error))
#30 C:\Users\regin\Downloads\miswan-fashion\miswan-fashion\vendor\laravel\framework\src\Illuminate\Foundation\Bootstrap\HandleExceptions.php(262): Illuminate\Foundation\Bootstrap\HandleExceptions->handleException(Object(Error))
#31 [internal function]: Illuminate\Foundation\Bootstrap\HandleExceptions->Illuminate\Foundation\Bootstrap\{closure}(Object(Error))
#32 {main}
  thrown {"exception":"[object] (Symfony\\Component\\ErrorHandler\\Error\\FatalError(code: 0): Uncaught Error: Call to undefined function Illuminate\\Support\\mb_split() in C:\\Users\\regin\\Downloads\\miswan-fashion\\miswan-fashion\\vendor\\laravel\\framework\\src\\Illuminate\\Support\\Str.php:1722
Stack trace:
#0 C:\\Users\\regin\\Downloads\\miswan-fashion\\miswan-fashion\\vendor\\laravel\\framework\\src\\Illuminate\\Support\\Manager.php(98): Illuminate\\Support\\Str::studly('file')
#1 C:\\Users\\regin\\Downloads\\miswan-fashion\\miswan-fashion\\vendor\\laravel\\framework\\src\\Illuminate\\Support\\Manager.php(78): Illuminate\\Support\\Manager->createDriver('file')
#2 C:\\Users\\regin\\Downloads\\miswan-fashion\\miswan-fashion\\vendor\\laravel\\framework\\src\\Illuminate\\Session\\SessionServiceProvider.php(52): Illuminate\\Support\\Manager->driver()
#3 C:\\Users\\regin\\Downloads\\miswan-fashion\\miswan-fashion\\vendor\\laravel\\framework\\src\\Illuminate\\Container\\Container.php(1115): Illuminate\\Session\\SessionServiceProvider->Illuminate\\Session\\{closure}(Object(Illuminate\\Foundation\\Application), Array)
#4 C:\\Users\\regin\\Downloads\\miswan-fashion\\miswan-fashion\\vendor\\laravel\\framework\\src\\Illuminate\\Container\\Container.php(933): Illuminate\\Container\\Container->build(Object(Closure))
#5 C:\\Users\\regin\\Downloads\\miswan-fashion\\miswan-fashion\\vendor\\laravel\\framework\\src\\Illuminate\\Foundation\\Application.php(1078): Illuminate\\Container\\Container->resolve('session.store', Array, true)
#6 C:\\Users\\regin\\Downloads\\miswan-fashion\\miswan-fashion\\vendor\\laravel\\framework\\src\\Illuminate\\Container\\Container.php(864): Illuminate\\Foundation\\Application->resolve('session.store', Array)
#7 C:\\Users\\regin\\Downloads\\miswan-fashion\\miswan-fashion\\vendor\\laravel\\framework\\src\\Illuminate\\Foundation\\Application.php(1058): Illuminate\\Container\\Container->make('session.store', Array)
#8 C:\\Users\\regin\\Downloads\\miswan-fashion\\miswan-fashion\\vendor\\laravel\\framework\\src\\Illuminate\\Container\\Container.php(1805): Illuminate\\Foundation\\Application->make('session.store')
#9 C:\\Users\\regin\\Downloads\\miswan-fashion\\miswan-fashion\\vendor\\laravel\\framework\\src\\Illuminate\\Routing\\RoutingServiceProvider.php(121): Illuminate\\Container\\Container->offsetGet('session.store')
#10 C:\\Users\\regin\\Downloads\\miswan-fashion\\miswan-fashion\\vendor\\laravel\\framework\\src\\Illuminate\\Container\\Container.php(1115): Illuminate\\Routing\\RoutingServiceProvider->Illuminate\\Routing\\{closure}(Object(Illuminate\\Foundation\\Application), Array)
#11 C:\\Users\\regin\\Downloads\\miswan-fashion\\miswan-fashion\\vendor\\laravel\\framework\\src\\Illuminate\\Container\\Container.php(933): Illuminate\\Container\\Container->build(Object(Closure))
#12 C:\\Users\\regin\\Downloads\\miswan-fashion\\miswan-fashion\\vendor\\laravel\\framework\\src\\Illuminate\\Foundation\\Application.php(1078): Illuminate\\Container\\Container->resolve('redirect', Array, true)
#13 C:\\Users\\regin\\Downloads\\miswan-fashion\\miswan-fashion\\vendor\\laravel\\framework\\src\\Illuminate\\Container\\Container.php(864): Illuminate\\Foundation\\Application->resolve('redirect', Array)
#14 C:\\Users\\regin\\Downloads\\miswan-fashion\\miswan-fashion\\vendor\\laravel\\framework\\src\\Illuminate\\Foundation\\Application.php(1058): Illuminate\\Container\\Container->make('redirect', Array)
#15 C:\\Users\\regin\\Downloads\\miswan-fashion\\miswan-fashion\\vendor\\laravel\\framework\\src\\Illuminate\\Container\\Container.php(1805): Illuminate\\Foundation\\Application->make('redirect')
#16 C:\\Users\\regin\\Downloads\\miswan-fashion\\miswan-fashion\\vendor\\laravel\\framework\\src\\Illuminate\\Routing\\RoutingServiceProvider.php(177): Illuminate\\Container\\Container->offsetGet('redirect')
#17 C:\\Users\\regin\\Downloads\\miswan-fashion\\miswan-fashion\\vendor\\laravel\\framework\\src\\Illuminate\\Container\\Container.php(1115): Illuminate\\Routing\\RoutingServiceProvider->Illuminate\\Routing\\{closure}(Object(Illuminate\\Foundation\\Application), Array)
#18 C:\\Users\\regin\\Downloads\\miswan-fashion\\miswan-fashion\\vendor\\laravel\\framework\\src\\Illuminate\\Container\\Container.php(933): Illuminate\\Container\\Container->build(Object(Closure))
#19 C:\\Users\\regin\\Downloads\\miswan-fashion\\miswan-fashion\\vendor\\laravel\\framework\\src\\Illuminate\\Foundation\\Application.php(1078): Illuminate\\Container\\Container->resolve('Illuminate\\\\Cont...', Array, true)
#20 C:\\Users\\regin\\Downloads\\miswan-fashion\\miswan-fashion\\vendor\\laravel\\framework\\src\\Illuminate\\Container\\Container.php(864): Illuminate\\Foundation\\Application->resolve('Illuminate\\\\Cont...', Array)
#21 C:\\Users\\regin\\Downloads\\miswan-fashion\\miswan-fashion\\vendor\\laravel\\framework\\src\\Illuminate\\Foundation\\Application.php(1058): Illuminate\\Container\\Container->make('Illuminate\\\\Cont...', Array)
#22 C:\\Users\\regin\\Downloads\\miswan-fashion\\miswan-fashion\\vendor\\laravel\\framework\\src\\Illuminate\\Foundation\\helpers.php(138): Illuminate\\Foundation\\Application->make('Illuminate\\\\Cont...', Array)
#23 C:\\Users\\regin\\Downloads\\miswan-fashion\\miswan-fashion\\vendor\\laravel\\framework\\src\\Illuminate\\Foundation\\helpers.php(850): app('Illuminate\\\\Cont...')
#24 C:\\Users\\regin\\Downloads\\miswan-fashion\\miswan-fashion\\vendor\\laravel\\framework\\src\\Illuminate\\Foundation\\Exceptions\\Handler.php(987): response('<!-- Call to un...', 500, Array)
#25 C:\\Users\\regin\\Downloads\\miswan-fashion\\miswan-fashion\\vendor\\laravel\\framework\\src\\Illuminate\\Foundation\\Exceptions\\Handler.php(839): Illuminate\\Foundation\\Exceptions\\Handler->toIlluminateResponse(Object(Symfony\\Component\\HttpFoundation\\Response), Object(Error))
#26 C:\\Users\\regin\\Downloads\\miswan-fashion\\miswan-fashion\\vendor\\laravel\\framework\\src\\Illuminate\\Foundation\\Exceptions\\Handler.php(738): Illuminate\\Foundation\\Exceptions\\Handler->prepareResponse(Object(Illuminate\\Http\\Request), Object(Error))
#27 C:\\Users\\regin\\Downloads\\miswan-fashion\\miswan-fashion\\vendor\\laravel\\framework\\src\\Illuminate\\Foundation\\Exceptions\\Handler.php(626): Illuminate\\Foundation\\Exceptions\\Handler->renderExceptionResponse(Object(Illuminate\\Http\\Request), Object(Error))
#28 C:\\Users\\regin\\Downloads\\miswan-fashion\\miswan-fashion\\vendor\\laravel\\framework\\src\\Illuminate\\Foundation\\Bootstrap\\HandleExceptions.php(225): Illuminate\\Foundation\\Exceptions\\Handler->render(Object(Illuminate\\Http\\Request), Object(Error))
#29 C:\\Users\\regin\\Downloads\\miswan-fashion\\miswan-fashion\\vendor\\laravel\\framework\\src\\Illuminate\\Foundation\\Bootstrap\\HandleExceptions.php(202): Illuminate\\Foundation\\Bootstrap\\HandleExceptions->renderHttpResponse(Object(Error))
#30 C:\\Users\\regin\\Downloads\\miswan-fashion\\miswan-fashion\\vendor\\laravel\\framework\\src\\Illuminate\\Foundation\\Bootstrap\\HandleExceptions.php(262): Illuminate\\Foundation\\Bootstrap\\HandleExceptions->handleException(Object(Error))
#31 [internal function]: Illuminate\\Foundation\\Bootstrap\\HandleExceptions->Illuminate\\Foundation\\Bootstrap\\{closure}(Object(Error))
#32 {main}
  thrown at C:/Users/regin/Downloads/miswan-fashion/miswan-fashion/vendor/laravel/framework/src/Illuminate/Support/Str.php:1722)
[stacktrace]
#0 {main}
"} 
[2026-08-16 13:58:17] local.ERROR: Call to undefined function Illuminate\Support\mb_split() {"exception":"[object] (Error(code: 0): Call to undefined function Illuminate\\Support\\mb_split() at C:/Users/regin/Downloads/miswan-fashion/miswan-fashion/vendor/laravel/framework/src/Illuminate/Support/Str.php:1722)
[stacktrace]
#0 C:/Users/regin/Downloads/miswan-fashion/miswan-fashion/vendor/laravel/framework/src/Illuminate/Support/Manager.php(98): Illuminate/Support/Str::studly('file')
#1 C:/Users/regin/Downloads/miswan-fashion/miswan-fashion/vendor/laravel/framework/src/Illuminate/Support/Manager.php(78): Illuminate/Support/Manager->createDriver('file')
#2 C:/Users/regin/Downloads/miswan-fashion/miswan-fashion/vendor/laravel/framework/src/Illuminate/Foundation/Providers/FoundationServiceProvider.php(293): Illuminate/Support/Manager->driver()
#3 C:/Users/regin/Downloads/miswan-fashion/miswan-fashion/vendor/laravel/framework/src/Illuminate/Container/Container.php(1115): Illuminate/Foundation/Providers/FoundationServiceProvider->Illuminate/Foundation/Providers/{closure}(Object(Illuminate/Foundation/Application), Array)
#4 C:/Users/regin/Downloads/miswan-fashion/miswan-fashion/vendor/laravel/framework/src/Illuminate/Container/Container.php(933): Illuminate/Container/Container->build(Object(Closure))
#5 C:/Users/regin/Downloads/miswan-fashion/miswan-fashion/vendor/laravel/framework/src/Illuminate/Foundation/Application.php(1078): Illuminate/Container/Container->resolve('Illuminate//Cont...', Array, true)
#6 C:/Users/regin/Downloads/miswan-fashion/miswan-fashion/vendor/laravel/framework/src/Illuminate/Container/Container.php(864): Illuminate/Foundation/Application->resolve('Illuminate//Cont...', Array)
#7 C:/Users/regin/Downloads/miswan-fashion/miswan-fashion/vendor/laravel/framework/src/Illuminate/Foundation/Application.php(1058): Illuminate/Container/Container->make('Illuminate//Cont...', Array)
#8 C:/Users/regin/Downloads/miswan-fashion/miswan-fashion/vendor/laravel/framework/src/Illuminate/Foundation/Application.php(1410): Illuminate/Foundation/Application->make('Illuminate//Cont...')
#9 C:/Users/regin/Downloads/miswan-fashion/miswan-fashion/vendor/laravel/framework/src/Illuminate/Foundation/Http/Middleware/PreventRequestsDuringMaintenance.php(64): Illuminate/Foundation/Application->maintenanceMode()
#10 C:/Users/regin/Downloads/miswan-fashion/miswan-fashion/vendor/laravel/framework/src/Illuminate/Pipeline/Pipeline.php(219): Illuminate/Foundation/Http/Middleware/PreventRequestsDuringMaintenance->handle(Object(Illuminate/Http/Request), Object(Closure))
#11 C:/Users/regin/Downloads/miswan-fashion/miswan-fashion/vendor/laravel/framework/src/Illuminate/Http/Middleware/HandleCors.php(61): Illuminate/Pipeline/Pipeline->Illuminate/Pipeline/{closure}(Object(Illuminate/Http/Request))
#12 C:/Users/regin/Downloads/miswan-fashion/miswan-fashion/vendor/laravel/framework/src/Illuminate/Pipeline/Pipeline.php(219): Illuminate/Http/Middleware/HandleCors->handle(Object(Illuminate/Http/Request), Object(Closure))
#13 C:/Users/regin/Downloads/miswan-fashion/miswan-fashion/vendor/laravel/framework/src/Illuminate/Http/Middleware/TrustProxies.php(58): Illuminate/Pipeline/Pipeline->Illuminate/Pipeline/{closure}(Object(Illuminate/Http/Request))
#14 C:/Users/regin/Downloads/miswan-fashion/miswan-fashion/vendor/laravel/framework/src/Illuminate/Pipeline/Pipeline.php(219): Illuminate/Http/Middleware/TrustProxies->handle(Object(Illuminate/Http/Request), Object(Closure))
#15 C:/Users/regin/Downloads/miswan-fashion/miswan-fashion/vendor/laravel/framework/src/Illuminate/Foundation/Http/Middleware/InvokeDeferredCallbacks.php(22): Illuminate/Pipeline/Pipeline->Illuminate/Pipeline/{closure}(Object(Illuminate/Http/Request))
#16 C:/Users/regin/Downloads/miswan-fashion/miswan-fashion/vendor/laravel/framework/src/Illuminate/Pipeline/Pipeline.php(219): Illuminate/Foundation/Http/Middleware/InvokeDeferredCallbacks->handle(Object(Illuminate/Http/Request), Object(Closure))
#17 C:/Users/regin/Downloads/miswan-fashion/miswan-fashion/vendor/laravel/framework/src/Illuminate/Http/Middleware/ValidatePathEncoding.php(26): Illuminate/Pipeline/Pipeline->Illuminate/Pipeline/{closure}(Object(Illuminate/Http/Request))
#18 C:/Users/regin/Downloads/miswan-fashion/miswan-fashion/vendor/laravel/framework/src/Illuminate/Pipeline/Pipeline.php(219): Illuminate/Http/Middleware/ValidatePathEncoding->handle(Object(Illuminate/Http/Request), Object(Closure))
#19 C:/Users/regin/Downloads/miswan-fashion/miswan-fashion/vendor/laravel/framework/src/Illuminate/Pipeline/Pipeline.php(137): Illuminate/Pipeline/Pipeline->Illuminate/Pipeline/{closure}(Object(Illuminate/Http/Request))
#20 C:/Users/regin/Downloads/miswan-fashion/miswan-fashion/vendor/laravel/framework/src/Illuminate/Foundation/Http/Kernel.php(175): Illuminate/Pipeline/Pipeline->then(Object(Closure))
#21 C:/Users/regin/Downloads/miswan-fashion/miswan-fashion/vendor/laravel/framework/src/Illuminate/Foundation/Http/Kernel.php(144): Illuminate/Foundation/Http/Kernel->sendRequestThroughRouter(Object(Illuminate/Http/Request))
#22 C:/Users/regin/Downloads/miswan-fashion/miswan-fashion/vendor/laravel/framework/src/Illuminate/Foundation/Application.php(1220): Illuminate/Foundation/Http/Kernel->handle(Object(Illuminate/Http/Request))
#23 C:/Users/regin/Downloads/miswan-fashion/miswan-fashion/public/index.php(20): Illuminate/Foundation/Application->handleRequest(Object(Illuminate/Http/Request))
#24 C:/Users/regin/Downloads/miswan-fashion/miswan-fashion/vendor/laravel/framework/src/Illuminate/Foundation/resources/server.php(23): require_once('C://Users//regin//...')
#25 {main}
"} 
[2026-08-16 13:58:18] local.ERROR: Call to undefined function Illuminate\Support\mb_split() {"exception":"[object] (Error(code: 0): Call to undefined function Illuminate\\Support\\mb_split() at C:/Users/regin/Downloads/miswan-fashion/miswan-fashion/vendor/laravel/framework/src/Illuminate/Support/Str.php:1722)
[stacktrace]
#0 C:/Users/regin/Downloads/miswan-fashion/miswan-fashion/vendor/laravel/framework/src/Illuminate/Support/Manager.php(98): Illuminate/Support/Str::studly('file')
#1 C:/Users/regin/Downloads/miswan-fashion/miswan-fashion/vendor/laravel/framework/src/Illuminate/Support/Manager.php(78): Illuminate/Support/Manager->createDriver('file')
#2 C:/Users/regin/Downloads/miswan-fashion/miswan-fashion/vendor/laravel/framework/src/Illuminate/Session/SessionServiceProvider.php(52): Illuminate/Support/Manager->driver()
#3 C:/Users/regin/Downloads/miswan-fashion/miswan-fashion/vendor/laravel/framework/src/Illuminate/Container/Container.php(1115): Illuminate/Session/SessionServiceProvider->Illuminate/Session/{closure}(Object(Illuminate/Foundation/Application), Array)
#4 C:/Users/regin/Downloads/miswan-fashion/miswan-fashion/vendor/laravel/framework/src/Illuminate/Container/Container.php(933): Illuminate/Container/Container->build(Object(Closure))
#5 C:/Users/regin/Downloads/miswan-fashion/miswan-fashion/vendor/laravel/framework/src/Illuminate/Foundation/Application.php(1078): Illuminate/Container/Container->resolve('session.store', Array, true)
#6 C:/Users/regin/Downloads/miswan-fashion/miswan-fashion/vendor/laravel/framework/src/Illuminate/Container/Container.php(864): Illuminate/Foundation/Application->resolve('session.store', Array)
#7 C:/Users/regin/Downloads/miswan-fashion/miswan-fashion/vendor/laravel/framework/src/Illuminate/Foundation/Application.php(1058): Illuminate/Container/Container->make('session.store', Array)
#8 C:/Users/regin/Downloads/miswan-fashion/miswan-fashion/vendor/laravel/framework/src/Illuminate/Container/Container.php(1805): Illuminate/Foundation/Application->make('session.store')
#9 C:/Users/regin/Downloads/miswan-fashion/miswan-fashion/vendor/laravel/framework/src/Illuminate/Routing/RoutingServiceProvider.php(121): Illuminate/Container/Container->offsetGet('session.store')
#10 C:/Users/regin/Downloads/miswan-fashion/miswan-fashion/vendor/laravel/framework/src/Illuminate/Container/Container.php(1115): Illuminate/Routing/RoutingServiceProvider->Illuminate/Routing/{closure}(Object(Illuminate/Foundation/Application), Array)
#11 C:/Users/regin/Downloads/miswan-fashion/miswan-fashion/vendor/laravel/framework/src/Illuminate/Container/Container.php(933): Illuminate/Container/Container->build(Object(Closure))
#12 C:/Users/regin/Downloads/miswan-fashion/miswan-fashion/vendor/laravel/framework/src/Illuminate/Foundation/Application.php(1078): Illuminate/Container/Container->resolve('redirect', Array, true)
#13 C:/Users/regin/Downloads/miswan-fashion/miswan-fashion/vendor/laravel/framework/src/Illuminate/Container/Container.php(864): Illuminate/Foundation/Application->resolve('redirect', Array)
#14 C:/Users/regin/Downloads/miswan-fashion/miswan-fashion/vendor/laravel/framework/src/Illuminate/Foundation/Application.php(1058): Illuminate/Container/Container->make('redirect', Array)
#15 C:/Users/regin/Downloads/miswan-fashion/miswan-fashion/vendor/laravel/framework/src/Illuminate/Container/Container.php(1805): Illuminate/Foundation/Application->make('redirect')
#16 C:/Users/regin/Downloads/miswan-fashion/miswan-fashion/vendor/laravel/framework/src/Illuminate/Routing/RoutingServiceProvider.php(177): Illuminate/Container/Container->offsetGet('redirect')
#17 C:/Users/regin/Downloads/miswan-fashion/miswan-fashion/vendor/laravel/framework/src/Illuminate/Container/Container.php(1115): Illuminate/Routing/RoutingServiceProvider->Illuminate/Routing/{closure}(Object(Illuminate/Foundation/Application), Array)
#18 C:/Users/regin/Downloads/miswan-fashion/miswan-fashion/vendor/laravel/framework/src/Illuminate/Container/Container.php(933): Illuminate/Container/Container->build(Object(Closure))
#19 C:/Users/regin/Downloads/miswan-fashion/miswan-fashion/vendor/laravel/framework/src/Illuminate/Foundation/Application.php(1078): Illuminate/Container/Container->resolve('Illuminate//Cont...', Array, true)
#20 C:/Users/regin/Downloads/miswan-fashion/miswan-fashion/vendor/laravel/framework/src/Illuminate/Container/Container.php(864): Illuminate/Foundation/Application->resolve('Illuminate//Cont...', Array)
#21 C:/Users/regin/Downloads/miswan-fashion/miswan-fashion/vendor/laravel/framework/src/Illuminate/Foundation/Application.php(1058): Illuminate/Container/Container->make('Illuminate//Cont...', Array)
#22 C:/Users/regin/Downloads/miswan-fashion/miswan-fashion/vendor/laravel/framework/src/Illuminate/Foundation/helpers.php(138): Illuminate/Foundation/Application->make('Illuminate//Cont...', Array)
#23 C:/Users/regin/Downloads/miswan-fashion/miswan-fashion/vendor/laravel/framework/src/Illuminate/Foundation/helpers.php(850): app('Illuminate//Cont...')
#24 C:/Users/regin/Downloads/miswan-fashion/miswan-fashion/vendor/laravel/framework/src/Illuminate/Foundation/Exceptions/Handler.php(987): response('<!-- Call to un...', 500, Array)
#25 C:/Users/regin/Downloads/miswan-fashion/miswan-fashion/vendor/laravel/framework/src/Illuminate/Foundation/Exceptions/Handler.php(839): Illuminate/Foundation/Exceptions/Handler->toIlluminateResponse(Object(Symfony/Component/HttpFoundation/Response), Object(Error))
#26 C:/Users/regin/Downloads/miswan-fashion/miswan-fashion/vendor/laravel/framework/src/Illuminate/Foundation/Exceptions/Handler.php(738): Illuminate/Foundation/Exceptions/Handler->prepareResponse(Object(Illuminate/Http/Request), Object(Error))
#27 C:/Users/regin/Downloads/miswan-fashion/miswan-fashion/vendor/laravel/framework/src/Illuminate/Foundation/Exceptions/Handler.php(626): Illuminate/Foundation/Exceptions/Handler->renderExceptionResponse(Object(Illuminate/Http/Request), Object(Error))
#28 C:/Users/regin/Downloads/miswan-fashion/miswan-fashion/vendor/laravel/framework/src/Illuminate/Routing/Pipeline.php(51): Illuminate/Foundation/Exceptions/Handler->render(Object(Illuminate/Http/Request), Object(Error))
#29 C:/Users/regin/Downloads/miswan-fashion/miswan-fashion/vendor/laravel/framework/src/Illuminate/Pipeline/Pipeline.php(224): Illuminate/Routing/Pipeline->handleException(Object(Illuminate/Http/Request), Object(Error))
#30 C:/Users/regin/Downloads/miswan-fashion/miswan-fashion/vendor/laravel/framework/src/Illuminate/Http/Middleware/HandleCors.php(61): Illuminate/Pipeline/Pipeline->Illuminate/Pipeline/{closure}(Object(Illuminate/Http/Request))
#31 C:/Users/regin/Downloads/miswan-fashion/miswan-fashion/vendor/laravel/framework/src/Illuminate/Pipeline/Pipeline.php(219): Illuminate/Http/Middleware/HandleCors->handle(Object(Illuminate/Http/Request), Object(Closure))
#32 C:/Users/regin/Downloads/miswan-fashion/miswan-fashion/vendor/laravel/framework/src/Illuminate/Http/Middleware/TrustProxies.php(58): Illuminate/Pipeline/Pipeline->Illuminate/Pipeline/{closure}(Object(Illuminate/Http/Request))
#33 C:/Users/regin/Downloads/miswan-fashion/miswan-fashion/vendor/laravel/framework/src/Illuminate/Pipeline/Pipeline.php(219): Illuminate/Http/Middleware/TrustProxies->handle(Object(Illuminate/Http/Request), Object(Closure))
#34 C:/Users/regin/Downloads/miswan-fashion/miswan-fashion/vendor/laravel/framework/src/Illuminate/Foundation/Http/Middleware/InvokeDeferredCallbacks.php(22): Illuminate/Pipeline/Pipeline->Illuminate/Pipeline/{closure}(Object(Illuminate/Http/Request))
#35 C:/Users/regin/Downloads/miswan-fashion/miswan-fashion/vendor/laravel/framework/src/Illuminate/Pipeline/Pipeline.php(219): Illuminate/Foundation/Http/Middleware/InvokeDeferredCallbacks->handle(Object(Illuminate/Http/Request), Object(Closure))
#36 C:/Users/regin/Downloads/miswan-fashion/miswan-fashion/vendor/laravel/framework/src/Illuminate/Http/Middleware/ValidatePathEncoding.php(26): Illuminate/Pipeline/Pipeline->Illuminate/Pipeline/{closure}(Object(Illuminate/Http/Request))
#37 C:/Users/regin/Downloads/miswan-fashion/miswan-fashion/vendor/laravel/framework/src/Illuminate/Pipeline/Pipeline.php(219): Illuminate/Http/Middleware/ValidatePathEncoding->handle(Object(Illuminate/Http/Request), Object(Closure))
#38 C:/Users/regin/Downloads/miswan-fashion/miswan-fashion/vendor/laravel/framework/src/Illuminate/Pipeline/Pipeline.php(137): Illuminate/Pipeline/Pipeline->Illuminate/Pipeline/{closure}(Object(Illuminate/Http/Request))
#39 C:/Users/regin/Downloads/miswan-fashion/miswan-fashion/vendor/laravel/framework/src/Illuminate/Foundation/Http/Kernel.php(175): Illuminate/Pipeline/Pipeline->then(Object(Closure))
#40 C:/Users/regin/Downloads/miswan-fashion/miswan-fashion/vendor/laravel/framework/src/Illuminate/Foundation/Http/Kernel.php(144): Illuminate/Foundation/Http/Kernel->sendRequestThroughRouter(Object(Illuminate/Http/Request))
#41 C:/Users/regin/Downloads/miswan-fashion/miswan-fashion/vendor/laravel/framework/src/Illuminate/Foundation/Application.php(1220): Illuminate/Foundation/Http/Kernel->handle(Object(Illuminate/Http/Request))
#42 C:/Users/regin/Downloads/miswan-fashion/miswan-fashion/public/index.php(20): Illuminate/Foundation/Application->handleRequest(Object(Illuminate/Http/Request))
#43 C:/Users/regin/Downloads/miswan-fashion/miswan-fashion/vendor/laravel/framework/src/Illuminate/Foundation/resources/server.php(23): require_once('C://Users//regin//...')
#44 {main}
"} 
[2026-08-16 13:58:18] local.ERROR: Call to undefined function Illuminate\Support\mb_split() {"exception":"[object] (Error(code: 0): Call to undefined function Illuminate\\Support\\mb_split() at C:/Users/regin/Downloads/miswan-fashion/miswan-fashion/vendor/laravel/framework/src/Illuminate/Support/Str.php:1722)
[stacktrace]
#0 C:/Users/regin/Downloads/miswan-fashion/miswan-fashion/vendor/laravel/framework/src/Illuminate/Support/Manager.php(98): Illuminate/Support/Str::studly('file')
#1 C:/Users/regin/Downloads/miswan-fashion/miswan-fashion/vendor/laravel/framework/src/Illuminate/Support/Manager.php(78): Illuminate/Support/Manager->createDriver('file')
#2 C:/Users/regin/Downloads/miswan-fashion/miswan-fashion/vendor/laravel/framework/src/Illuminate/Session/SessionServiceProvider.php(52): Illuminate/Support/Manager->driver()
#3 C:/Users/regin/Downloads/miswan-fashion/miswan-fashion/vendor/laravel/framework/src/Illuminate/Container/Container.php(1115): Illuminate/Session/SessionServiceProvider->Illuminate/Session/{closure}(Object(Illuminate/Foundation/Application), Array)
#4 C:/Users/regin/Downloads/miswan-fashion/miswan-fashion/vendor/laravel/framework/src/Illuminate/Container/Container.php(933): Illuminate/Container/Container->build(Object(Closure))
#5 C:/Users/regin/Downloads/miswan-fashion/miswan-fashion/vendor/laravel/framework/src/Illuminate/Foundation/Application.php(1078): Illuminate/Container/Container->resolve('session.store', Array, true)
#6 C:/Users/regin/Downloads/miswan-fashion/miswan-fashion/vendor/laravel/framework/src/Illuminate/Container/Container.php(864): Illuminate/Foundation/Application->resolve('session.store', Array)
#7 C:/Users/regin/Downloads/miswan-fashion/miswan-fashion/vendor/laravel/framework/src/Illuminate/Foundation/Application.php(1058): Illuminate/Container/Container->make('session.store', Array)
#8 C:/Users/regin/Downloads/miswan-fashion/miswan-fashion/vendor/laravel/framework/src/Illuminate/Container/Container.php(1805): Illuminate/Foundation/Application->make('session.store')
#9 C:/Users/regin/Downloads/miswan-fashion/miswan-fashion/vendor/laravel/framework/src/Illuminate/Routing/RoutingServiceProvider.php(121): Illuminate/Container/Container->offsetGet('session.store')
#10 C:/Users/regin/Downloads/miswan-fashion/miswan-fashion/vendor/laravel/framework/src/Illuminate/Container/Container.php(1115): Illuminate/Routing/RoutingServiceProvider->Illuminate/Routing/{closure}(Object(Illuminate/Foundation/Application), Array)
#11 C:/Users/regin/Downloads/miswan-fashion/miswan-fashion/vendor/laravel/framework/src/Illuminate/Container/Container.php(933): Illuminate/Container/Container->build(Object(Closure))
#12 C:/Users/regin/Downloads/miswan-fashion/miswan-fashion/vendor/laravel/framework/src/Illuminate/Foundation/Application.php(1078): Illuminate/Container/Container->resolve('redirect', Array, true)
#13 C:/Users/regin/Downloads/miswan-fashion/miswan-fashion/vendor/laravel/framework/src/Illuminate/Container/Container.php(864): Illuminate/Foundation/Application->resolve('redirect', Array)
#14 C:/Users/regin/Downloads/miswan-fashion/miswan-fashion/vendor/laravel/framework/src/Illuminate/Foundation/Application.php(1058): Illuminate/Container/Container->make('redirect', Array)
#15 C:/Users/regin/Downloads/miswan-fashion/miswan-fashion/vendor/laravel/framework/src/Illuminate/Container/Container.php(1805): Illuminate/Foundation/Application->make('redirect')
#16 C:/Users/regin/Downloads/miswan-fashion/miswan-fashion/vendor/laravel/framework/src/Illuminate/Routing/RoutingServiceProvider.php(177): Illuminate/Container/Container->offsetGet('redirect')
#17 C:/Users/regin/Downloads/miswan-fashion/miswan-fashion/vendor/laravel/framework/src/Illuminate/Container/Container.php(1115): Illuminate/Routing/RoutingServiceProvider->Illuminate/Routing/{closure}(Object(Illuminate/Foundation/Application), Array)
#18 C:/Users/regin/Downloads/miswan-fashion/miswan-fashion/vendor/laravel/framework/src/Illuminate/Container/Container.php(933): Illuminate/Container/Container->build(Object(Closure))
#19 C:/Users/regin/Downloads/miswan-fashion/miswan-fashion/vendor/laravel/framework/src/Illuminate/Foundation/Application.php(1078): Illuminate/Container/Container->resolve('Illuminate//Cont...', Array, true)
#20 C:/Users/regin/Downloads/miswan-fashion/miswan-fashion/vendor/laravel/framework/src/Illuminate/Container/Container.php(864): Illuminate/Foundation/Application->resolve('Illuminate//Cont...', Array)
#21 C:/Users/regin/Downloads/miswan-fashion/miswan-fashion/vendor/laravel/framework/src/Illuminate/Foundation/Application.php(1058): Illuminate/Container/Container->make('Illuminate//Cont...', Array)
#22 C:/Users/regin/Downloads/miswan-fashion/miswan-fashion/vendor/laravel/framework/src/Illuminate/Foundation/helpers.php(138): Illuminate/Foundation/Application->make('Illuminate//Cont...', Array)
#23 C:/Users/regin/Downloads/miswan-fashion/miswan-fashion/vendor/laravel/framework/src/Illuminate/Foundation/helpers.php(850): app('Illuminate//Cont...')
#24 C:/Users/regin/Downloads/miswan-fashion/miswan-fashion/vendor/laravel/framework/src/Illuminate/Foundation/Exceptions/Handler.php(987): response('<!-- Call to un...', 500, Array)
#25 C:/Users/regin/Downloads/miswan-fashion/miswan-fashion/vendor/laravel/framework/src/Illuminate/Foundation/Exceptions/Handler.php(839): Illuminate/Foundation/Exceptions/Handler->toIlluminateResponse(Object(Symfony/Component/HttpFoundation/Response), Object(Error))
#26 C:/Users/regin/Downloads/miswan-fashion/miswan-fashion/vendor/laravel/framework/src/Illuminate/Foundation/Exceptions/Handler.php(738): Illuminate/Foundation/Exceptions/Handler->prepareResponse(Object(Illuminate/Http/Request), Object(Error))
#27 C:/Users/regin/Downloads/miswan-fashion/miswan-fashion/vendor/laravel/framework/src/Illuminate/Foundation/Exceptions/Handler.php(626): Illuminate/Foundation/Exceptions/Handler->renderExceptionResponse(Object(Illuminate/Http/Request), Object(Error))
#28 C:/Users/regin/Downloads/miswan-fashion/miswan-fashion/vendor/laravel/framework/src/Illuminate/Routing/Pipeline.php(51): Illuminate/Foundation/Exceptions/Handler->render(Object(Illuminate/Http/Request), Object(Error))
#29 C:/Users/regin/Downloads/miswan-fashion/miswan-fashion/vendor/laravel/framework/src/Illuminate/Pipeline/Pipeline.php(224): Illuminate/Routing/Pipeline->handleException(Object(Illuminate/Http/Request), Object(Error))
#30 C:/Users/regin/Downloads/miswan-fashion/miswan-fashion/vendor/laravel/framework/src/Illuminate/Http/Middleware/TrustProxies.php(58): Illuminate/Pipeline/Pipeline->Illuminate/Pipeline/{closure}(Object(Illuminate/Http/Request))
#31 C:/Users/regin/Downloads/miswan-fashion/miswan-fashion/vendor/laravel/framework/src/Illuminate/Pipeline/Pipeline.php(219): Illuminate/Http/Middleware/TrustProxies->handle(Object(Illuminate/Http/Request), Object(Closure))
#32 C:/Users/regin/Downloads/miswan-fashion/miswan-fashion/vendor/laravel/framework/src/Illuminate/Foundation/Http/Middleware/InvokeDeferredCallbacks.php(22): Illuminate/Pipeline/Pipeline->Illuminate/Pipeline/{closure}(Object(Illuminate/Http/Request))
#33 C:/Users/regin/Downloads/miswan-fashion/miswan-fashion/vendor/laravel/framework/src/Illuminate/Pipeline/Pipeline.php(219): Illuminate/Foundation/Http/Middleware/InvokeDeferredCallbacks->handle(Object(Illuminate/Http/Request), Object(Closure))
#34 C:/Users/regin/Downloads/miswan-fashion/miswan-fashion/vendor/laravel/framework/src/Illuminate/Http/Middleware/ValidatePathEncoding.php(26): Illuminate/Pipeline/Pipeline->Illuminate/Pipeline/{closure}(Object(Illuminate/Http/Request))
#35 C:/Users/regin/Downloads/miswan-fashion/miswan-fashion/vendor/laravel/framework/src/Illuminate/Pipeline/Pipeline.php(219): Illuminate/Http/Middleware/ValidatePathEncoding->handle(Object(Illuminate/Http/Request), Object(Closure))
#36 C:/Users/regin/Downloads/miswan-fashion/miswan-fashion/vendor/laravel/framework/src/Illuminate/Pipeline/Pipeline.php(137): Illuminate/Pipeline/Pipeline->Illuminate/Pipeline/{closure}(Object(Illuminate/Http/Request))
#37 C:/Users/regin/Downloads/miswan-fashion/miswan-fashion/vendor/laravel/framework/src/Illuminate/Foundation/Http/Kernel.php(175): Illuminate/Pipeline/Pipeline->then(Object(Closure))
#38 C:/Users/regin/Downloads/miswan-fashion/miswan-fashion/vendor/laravel/framework/src/Illuminate/Foundation/Http/Kernel.php(144): Illuminate/Foundation/Http/Kernel->sendRequestThroughRouter(Object(Illuminate/Http/Request))
#39 C:/Users/regin/Downloads/miswan-fashion/miswan-fashion/vendor/laravel/framework/src/Illuminate/Foundation/Application.php(1220): Illuminate/Foundation/Http/Kernel->handle(Object(Illuminate/Http/Request))
#40 C:/Users/regin/Downloads/miswan-fashion/miswan-fashion/public/index.php(20): Illuminate/Foundation/Application->handleRequest(Object(Illuminate/Http/Request))
#41 C:/Users/regin/Downloads/miswan-fashion/miswan-fashion/vendor/laravel/framework/src/Illuminate/Foundation/resources/server.php(23): require_once('C://Users//regin//...')
#42 {main}
"} 
[2026-08-16 13:58:19] local.ERROR: Call to undefined function Illuminate\Support\mb_split() {"exception":"[object] (Error(code: 0): Call to undefined function Illuminate\\Support\\mb_split() at C:/Users/regin/Downloads/miswan-fashion/miswan-fashion/vendor/laravel/framework/src/Illuminate/Support/Str.php:1722)
[stacktrace]
#0 C:/Users/regin/Downloads/miswan-fashion/miswan-fashion/vendor/laravel/framework/src/Illuminate/Support/Manager.php(98): Illuminate/Support/Str::studly('file')
#1 C:/Users/regin/Downloads/miswan-fashion/miswan-fashion/vendor/laravel/framework/src/Illuminate/Support/Manager.php(78): Illuminate/Support/Manager->createDriver('file')
#2 C:/Users/regin/Downloads/miswan-fashion/miswan-fashion/vendor/laravel/framework/src/Illuminate/Session/SessionServiceProvider.php(52): Illuminate/Support/Manager->driver()
#3 C:/Users/regin/Downloads/miswan-fashion/miswan-fashion/vendor/laravel/framework/src/Illuminate/Container/Container.php(1115): Illuminate/Session/SessionServiceProvider->Illuminate/Session/{closure}(Object(Illuminate/Foundation/Application), Array)
#4 C:/Users/regin/Downloads/miswan-fashion/miswan-fashion/vendor/laravel/framework/src/Illuminate/Container/Container.php(933): Illuminate/Container/Container->build(Object(Closure))
#5 C:/Users/regin/Downloads/miswan-fashion/miswan-fashion/vendor/laravel/framework/src/Illuminate/Foundation/Application.php(1078): Illuminate/Container/Container->resolve('session.store', Array, true)
#6 C:/Users/regin/Downloads/miswan-fashion/miswan-fashion/vendor/laravel/framework/src/Illuminate/Container/Container.php(864): Illuminate/Foundation/Application->resolve('session.store', Array)
#7 C:/Users/regin/Downloads/miswan-fashion/miswan-fashion/vendor/laravel/framework/src/Illuminate/Foundation/Application.php(1058): Illuminate/Container/Container->make('session.store', Array)
#8 C:/Users/regin/Downloads/miswan-fashion/miswan-fashion/vendor/laravel/framework/src/Illuminate/Container/Container.php(1805): Illuminate/Foundation/Application->make('session.store')
#9 C:/Users/regin/Downloads/miswan-fashion/miswan-fashion/vendor/laravel/framework/src/Illuminate/Routing/RoutingServiceProvider.php(121): Illuminate/Container/Container->offsetGet('session.store')
#10 C:/Users/regin/Downloads/miswan-fashion/miswan-fashion/vendor/laravel/framework/src/Illuminate/Container/Container.php(1115): Illuminate/Routing/RoutingServiceProvider->Illuminate/Routing/{closure}(Object(Illuminate/Foundation/Application), Array)
#11 C:/Users/regin/Downloads/miswan-fashion/miswan-fashion/vendor/laravel/framework/src/Illuminate/Container/Container.php(933): Illuminate/Container/Container->build(Object(Closure))
#12 C:/Users/regin/Downloads/miswan-fashion/miswan-fashion/vendor/laravel/framework/src/Illuminate/Foundation/Application.php(1078): Illuminate/Container/Container->resolve('redirect', Array, true)
#13 C:/Users/regin/Downloads/miswan-fashion/miswan-fashion/vendor/laravel/framework/src/Illuminate/Container/Container.php(864): Illuminate/Foundation/Application->resolve('redirect', Array)
#14 C:/Users/regin/Downloads/miswan-fashion/miswan-fashion/vendor/laravel/framework/src/Illuminate/Foundation/Application.php(1058): Illuminate/Container/Container->make('redirect', Array)
#15 C:/Users/regin/Downloads/miswan-fashion/miswan-fashion/vendor/laravel/framework/src/Illuminate/Container/Container.php(1805): Illuminate/Foundation/Application->make('redirect')
#16 C:/Users/regin/Downloads/miswan-fashion/miswan-fashion/vendor/laravel/framework/src/Illuminate/Routing/RoutingServiceProvider.php(177): Illuminate/Container/Container->offsetGet('redirect')
#17 C:/Users/regin/Downloads/miswan-fashion/miswan-fashion/vendor/laravel/framework/src/Illuminate/Container/Container.php(1115): Illuminate/Routing/RoutingServiceProvider->Illuminate/Routing/{closure}(Object(Illuminate/Foundation/Application), Array)
#18 C:/Users/regin/Downloads/miswan-fashion/miswan-fashion/vendor/laravel/framework/src/Illuminate/Container/Container.php(933): Illuminate/Container/Container->build(Object(Closure))
#19 C:/Users/regin/Downloads/miswan-fashion/miswan-fashion/vendor/laravel/framework/src/Illuminate/Foundation/Application.php(1078): Illuminate/Container/Container->resolve('Illuminate//Cont...', Array, true)
#20 C:/Users/regin/Downloads/miswan-fashion/miswan-fashion/vendor/laravel/framework/src/Illuminate/Container/Container.php(864): Illuminate/Foundation/Application->resolve('Illuminate//Cont...', Array)
#21 C:/Users/regin/Downloads/miswan-fashion/miswan-fashion/vendor/laravel/framework/src/Illuminate/Foundation/Application.php(1058): Illuminate/Container/Container->make('Illuminate//Cont...', Array)
#22 C:/Users/regin/Downloads/miswan-fashion/miswan-fashion/vendor/laravel/framework/src/Illuminate/Foundation/helpers.php(138): Illuminate/Foundation/Application->make('Illuminate//Cont...', Array)
#23 C:/Users/regin/Downloads/miswan-fashion/miswan-fashion/vendor/laravel/framework/src/Illuminate/Foundation/helpers.php(850): app('Illuminate//Cont...')
#24 C:/Users/regin/Downloads/miswan-fashion/miswan-fashion/vendor/laravel/framework/src/Illuminate/Foundation/Exceptions/Handler.php(987): response('<!-- Call to un...', 500, Array)
#25 C:/Users/regin/Downloads/miswan-fashion/miswan-fashion/vendor/laravel/framework/src/Illuminate/Foundation/Exceptions/Handler.php(839): Illuminate/Foundation/Exceptions/Handler->toIlluminateResponse(Object(Symfony/Component/HttpFoundation/Response), Object(Error))
#26 C:/Users/regin/Downloads/miswan-fashion/miswan-fashion/vendor/laravel/framework/src/Illuminate/Foundation/Exceptions/Handler.php(738): Illuminate/Foundation/Exceptions/Handler->prepareResponse(Object(Illuminate/Http/Request), Object(Error))
#27 C:/Users/regin/Downloads/miswan-fashion/miswan-fashion/vendor/laravel/framework/src/Illuminate/Foundation/Exceptions/Handler.php(626): Illuminate/Foundation/Exceptions/Handler->renderExceptionResponse(Object(Illuminate/Http/Request), Object(Error))
#28 C:/Users/regin/Downloads/miswan-fashion/miswan-fashion/vendor/laravel/framework/src/Illuminate/Routing/Pipeline.php(51): Illuminate/Foundation/Exceptions/Handler->render(Object(Illuminate/Http/Request), Object(Error))
#29 C:/Users/regin/Downloads/miswan-fashion/miswan-fashion/vendor/laravel/framework/src/Illuminate/Pipeline/Pipeline.php(224): Illuminate/Routing/Pipeline->handleException(Object(Illuminate/Http/Request), Object(Error))
#30 C:/Users/regin/Downloads/miswan-fashion/miswan-fashion/vendor/laravel/framework/src/Illuminate/Foundation/Http/Middleware/InvokeDeferredCallbacks.php(22): Illuminate/Pipeline/Pipeline->Illuminate/Pipeline/{closure}(Object(Illuminate/Http/Request))
#31 C:/Users/regin/Downloads/miswan-fashion/miswan-fashion/vendor/laravel/framework/src/Illuminate/Pipeline/Pipeline.php(219): Illuminate/Foundation/Http/Middleware/InvokeDeferredCallbacks->handle(Object(Illuminate/Http/Request), Object(Closure))
#32 C:/Users/regin/Downloads/miswan-fashion/miswan-fashion/vendor/laravel/framework/src/Illuminate/Http/Middleware/ValidatePathEncoding.php(26): Illuminate/Pipeline/Pipeline->Illuminate/Pipeline/{closure}(Object(Illuminate/Http/Request))
#33 C:/Users/regin/Downloads/miswan-fashion/miswan-fashion/vendor/laravel/framework/src/Illuminate/Pipeline/Pipeline.php(219): Illuminate/Http/Middleware/ValidatePathEncoding->handle(Object(Illuminate/Http/Request), Object(Closure))
#34 C:/Users/regin/Downloads/miswan-fashion/miswan-fashion/vendor/laravel/framework/src/Illuminate/Pipeline/Pipeline.php(137): Illuminate/Pipeline/Pipeline->Illuminate/Pipeline/{closure}(Object(Illuminate/Http/Request))
#35 C:/Users/regin/Downloads/miswan-fashion/miswan-fashion/vendor/laravel/framework/src/Illuminate/Foundation/Http/Kernel.php(175): Illuminate/Pipeline/Pipeline->then(Object(Closure))
#36 C:/Users/regin/Downloads/miswan-fashion/miswan-fashion/vendor/laravel/framework/src/Illuminate/Foundation/Http/Kernel.php(144): Illuminate/Foundation/Http/Kernel->sendRequestThroughRouter(Object(Illuminate/Http/Request))
#37 C:/Users/regin/Downloads/miswan-fashion/miswan-fashion/vendor/laravel/framework/src/Illuminate/Foundation/Application.php(1220): Illuminate/Foundation/Http/Kernel->handle(Object(Illuminate/Http/Request))
#38 C:/Users/regin/Downloads/miswan-fashion/miswan-fashion/public/index.php(20): Illuminate/Foundation/Application->handleRequest(Object(Illuminate/Http/Request))
#39 C:/Users/regin/Downloads/miswan-fashion/miswan-fashion/vendor/laravel/framework/src/Illuminate/Foundation/resources/server.php(23): require_once('C://Users//regin//...')
#40 {main}
"} 
[2026-08-16 13:58:19] local.ERROR: Call to undefined function Illuminate\Support\mb_split() {"exception":"[object] (Error(code: 0): Call to undefined function Illuminate\\Support\\mb_split() at C:/Users/regin/Downloads/miswan-fashion/miswan-fashion/vendor/laravel/framework/src/Illuminate/Support/Str.php:1722)
[stacktrace]
#0 C:/Users/regin/Downloads/miswan-fashion/miswan-fashion/vendor/laravel/framework/src/Illuminate/Support/Manager.php(98): Illuminate/Support/Str::studly('file')
#1 C:/Users/regin/Downloads/miswan-fashion/miswan-fashion/vendor/laravel/framework/src/Illuminate/Support/Manager.php(78): Illuminate/Support/Manager->createDriver('file')
#2 C:/Users/regin/Downloads/miswan-fashion/miswan-fashion/vendor/laravel/framework/src/Illuminate/Session/SessionServiceProvider.php(52): Illuminate/Support/Manager->driver()
#3 C:/Users/regin/Downloads/miswan-fashion/miswan-fashion/vendor/laravel/framework/src/Illuminate/Container/Container.php(1115): Illuminate/Session/SessionServiceProvider->Illuminate/Session/{closure}(Object(Illuminate/Foundation/Application), Array)
#4 C:/Users/regin/Downloads/miswan-fashion/miswan-fashion/vendor/laravel/framework/src/Illuminate/Container/Container.php(933): Illuminate/Container/Container->build(Object(Closure))
#5 C:/Users/regin/Downloads/miswan-fashion/miswan-fashion/vendor/laravel/framework/src/Illuminate/Foundation/Application.php(1078): Illuminate/Container/Container->resolve('session.store', Array, true)
#6 C:/Users/regin/Downloads/miswan-fashion/miswan-fashion/vendor/laravel/framework/src/Illuminate/Container/Container.php(864): Illuminate/Foundation/Application->resolve('session.store', Array)
#7 C:/Users/regin/Downloads/miswan-fashion/miswan-fashion/vendor/laravel/framework/src/Illuminate/Foundation/Application.php(1058): Illuminate/Container/Container->make('session.store', Array)
#8 C:/Users/regin/Downloads/miswan-fashion/miswan-fashion/vendor/laravel/framework/src/Illuminate/Container/Container.php(1805): Illuminate/Foundation/Application->make('session.store')
#9 C:/Users/regin/Downloads/miswan-fashion/miswan-fashion/vendor/laravel/framework/src/Illuminate/Routing/RoutingServiceProvider.php(121): Illuminate/Container/Container->offsetGet('session.store')
#10 C:/Users/regin/Downloads/miswan-fashion/miswan-fashion/vendor/laravel/framework/src/Illuminate/Container/Container.php(1115): Illuminate/Routing/RoutingServiceProvider->Illuminate/Routing/{closure}(Object(Illuminate/Foundation/Application), Array)
#11 C:/Users/regin/Downloads/miswan-fashion/miswan-fashion/vendor/laravel/framework/src/Illuminate/Container/Container.php(933): Illuminate/Container/Container->build(Object(Closure))
#12 C:/Users/regin/Downloads/miswan-fashion/miswan-fashion/vendor/laravel/framework/src/Illuminate/Foundation/Application.php(1078): Illuminate/Container/Container->resolve('redirect', Array, true)
#13 C:/Users/regin/Downloads/miswan-fashion/miswan-fashion/vendor/laravel/framework/src/Illuminate/Container/Container.php(864): Illuminate/Foundation/Application->resolve('redirect', Array)
#14 C:/Users/regin/Downloads/miswan-fashion/miswan-fashion/vendor/laravel/framework/src/Illuminate/Foundation/Application.php(1058): Illuminate/Container/Container->make('redirect', Array)
#15 C:/Users/regin/Downloads/miswan-fashion/miswan-fashion/vendor/laravel/framework/src/Illuminate/Container/Container.php(1805): Illuminate/Foundation/Application->make('redirect')
#16 C:/Users/regin/Downloads/miswan-fashion/miswan-fashion/vendor/laravel/framework/src/Illuminate/Routing/RoutingServiceProvider.php(177): Illuminate/Container/Container->offsetGet('redirect')
#17 C:/Users/regin/Downloads/miswan-fashion/miswan-fashion/vendor/laravel/framework/src/Illuminate/Container/Container.php(1115): Illuminate/Routing/RoutingServiceProvider->Illuminate/Routing/{closure}(Object(Illuminate/Foundation/Application), Array)
#18 C:/Users/regin/Downloads/miswan-fashion/miswan-fashion/vendor/laravel/framework/src/Illuminate/Container/Container.php(933): Illuminate/Container/Container->build(Object(Closure))
#19 C:/Users/regin/Downloads/miswan-fashion/miswan-fashion/vendor/laravel/framework/src/Illuminate/Foundation/Application.php(1078): Illuminate/Container/Container->resolve('Illuminate//Cont...', Array, true)
#20 C:/Users/regin/Downloads/miswan-fashion/miswan-fashion/vendor/laravel/framework/src/Illuminate/Container/Container.php(864): Illuminate/Foundation/Application->resolve('Illuminate//Cont...', Array)
#21 C:/Users/regin/Downloads/miswan-fashion/miswan-fashion/vendor/laravel/framework/src/Illuminate/Foundation/Application.php(1058): Illuminate/Container/Container->make('Illuminate//Cont...', Array)
#22 C:/Users/regin/Downloads/miswan-fashion/miswan-fashion/vendor/laravel/framework/src/Illuminate/Foundation/helpers.php(138): Illuminate/Foundation/Application->make('Illuminate//Cont...', Array)
#23 C:/Users/regin/Downloads/miswan-fashion/miswan-fashion/vendor/laravel/framework/src/Illuminate/Foundation/helpers.php(850): app('Illuminate//Cont...')
#24 C:/Users/regin/Downloads/miswan-fashion/miswan-fashion/vendor/laravel/framework/src/Illuminate/Foundation/Exceptions/Handler.php(987): response('<!-- Call to un...', 500, Array)
#25 C:/Users/regin/Downloads/miswan-fashion/miswan-fashion/vendor/laravel/framework/src/Illuminate/Foundation/Exceptions/Handler.php(839): Illuminate/Foundation/Exceptions/Handler->toIlluminateResponse(Object(Symfony/Component/HttpFoundation/Response), Object(Error))
#26 C:/Users/regin/Downloads/miswan-fashion/miswan-fashion/vendor/laravel/framework/src/Illuminate/Foundation/Exceptions/Handler.php(738): Illuminate/Foundation/Exceptions/Handler->prepareResponse(Object(Illuminate/Http/Request), Object(Error))
#27 C:/Users/regin/Downloads/miswan-fashion/miswan-fashion/vendor/laravel/framework/src/Illuminate/Foundation/Exceptions/Handler.php(626): Illuminate/Foundation/Exceptions/Handler->renderExceptionResponse(Object(Illuminate/Http/Request), Object(Error))
#28 C:/Users/regin/Downloads/miswan-fashion/miswan-fashion/vendor/laravel/framework/src/Illuminate/Routing/Pipeline.php(51): Illuminate/Foundation/Exceptions/Handler->render(Object(Illuminate/Http/Request), Object(Error))
#29 C:/Users/regin/Downloads/miswan-fashion/miswan-fashion/vendor/laravel/framework/src/Illuminate/Pipeline/Pipeline.php(224): Illuminate/Routing/Pipeline->handleException(Object(Illuminate/Http/Request), Object(Error))
#30 C:/Users/regin/Downloads/miswan-fashion/miswan-fashion/vendor/laravel/framework/src/Illuminate/Http/Middleware/ValidatePathEncoding.php(26): Illuminate/Pipeline/Pipeline->Illuminate/Pipeline/{closure}(Object(Illuminate/Http/Request))
#31 C:/Users/regin/Downloads/miswan-fashion/miswan-fashion/vendor/laravel/framework/src/Illuminate/Pipeline/Pipeline.php(219): Illuminate/Http/Middleware/ValidatePathEncoding->handle(Object(Illuminate/Http/Request), Object(Closure))
#32 C:/Users/regin/Downloads/miswan-fashion/miswan-fashion/vendor/laravel/framework/src/Illuminate/Pipeline/Pipeline.php(137): Illuminate/Pipeline/Pipeline->Illuminate/Pipeline/{closure}(Object(Illuminate/Http/Request))
#33 C:/Users/regin/Downloads/miswan-fashion/miswan-fashion/vendor/laravel/framework/src/Illuminate/Foundation/Http/Kernel.php(175): Illuminate/Pipeline/Pipeline->then(Object(Closure))
#34 C:/Users/regin/Downloads/miswan-fashion/miswan-fashion/vendor/laravel/framework/src/Illuminate/Foundation/Http/Kernel.php(144): Illuminate/Foundation/Http/Kernel->sendRequestThroughRouter(Object(Illuminate/Http/Request))
#35 C:/Users/regin/Downloads/miswan-fashion/miswan-fashion/vendor/laravel/framework/src/Illuminate/Foundation/Application.php(1220): Illuminate/Foundation/Http/Kernel->handle(Object(Illuminate/Http/Request))
#36 C:/Users/regin/Downloads/miswan-fashion/miswan-fashion/public/index.php(20): Illuminate/Foundation/Application->handleRequest(Object(Illuminate/Http/Request))
#37 C:/Users/regin/Downloads/miswan-fashion/miswan-fashion/vendor/laravel/framework/src/Illuminate/Foundation/resources/server.php(23): require_once('C://Users//regin//...')
#38 {main}
"} 
[2026-08-16 13:58:20] local.ERROR: Call to undefined function Illuminate\Support\mb_split() {"exception":"[object] (Error(code: 0): Call to undefined function Illuminate\\Support\\mb_split() at C:/Users/regin/Downloads/miswan-fashion/miswan-fashion/vendor/laravel/framework/src/Illuminate/Support/Str.php:1722)
[stacktrace]
#0 C:/Users/regin/Downloads/miswan-fashion/miswan-fashion/vendor/laravel/framework/src/Illuminate/Support/Manager.php(98): Illuminate/Support/Str::studly('file')
#1 C:/Users/regin/Downloads/miswan-fashion/miswan-fashion/vendor/laravel/framework/src/Illuminate/Support/Manager.php(78): Illuminate/Support/Manager->createDriver('file')
#2 C:/Users/regin/Downloads/miswan-fashion/miswan-fashion/vendor/laravel/framework/src/Illuminate/Session/SessionServiceProvider.php(52): Illuminate/Support/Manager->driver()
#3 C:/Users/regin/Downloads/miswan-fashion/miswan-fashion/vendor/laravel/framework/src/Illuminate/Container/Container.php(1115): Illuminate/Session/SessionServiceProvider->Illuminate/Session/{closure}(Object(Illuminate/Foundation/Application), Array)
#4 C:/Users/regin/Downloads/miswan-fashion/miswan-fashion/vendor/laravel/framework/src/Illuminate/Container/Container.php(933): Illuminate/Container/Container->build(Object(Closure))
#5 C:/Users/regin/Downloads/miswan-fashion/miswan-fashion/vendor/laravel/framework/src/Illuminate/Foundation/Application.php(1078): Illuminate/Container/Container->resolve('session.store', Array, true)
#6 C:/Users/regin/Downloads/miswan-fashion/miswan-fashion/vendor/laravel/framework/src/Illuminate/Container/Container.php(864): Illuminate/Foundation/Application->resolve('session.store', Array)
#7 C:/Users/regin/Downloads/miswan-fashion/miswan-fashion/vendor/laravel/framework/src/Illuminate/Foundation/Application.php(1058): Illuminate/Container/Container->make('session.store', Array)
#8 C:/Users/regin/Downloads/miswan-fashion/miswan-fashion/vendor/laravel/framework/src/Illuminate/Container/Container.php(1805): Illuminate/Foundation/Application->make('session.store')
#9 C:/Users/regin/Downloads/miswan-fashion/miswan-fashion/vendor/laravel/framework/src/Illuminate/Routing/RoutingServiceProvider.php(121): Illuminate/Container/Container->offsetGet('session.store')
#10 C:/Users/regin/Downloads/miswan-fashion/miswan-fashion/vendor/laravel/framework/src/Illuminate/Container/Container.php(1115): Illuminate/Routing/RoutingServiceProvider->Illuminate/Routing/{closure}(Object(Illuminate/Foundation/Application), Array)
#11 C:/Users/regin/Downloads/miswan-fashion/miswan-fashion/vendor/laravel/framework/src/Illuminate/Container/Container.php(933): Illuminate/Container/Container->build(Object(Closure))
#12 C:/Users/regin/Downloads/miswan-fashion/miswan-fashion/vendor/laravel/framework/src/Illuminate/Foundation/Application.php(1078): Illuminate/Container/Container->resolve('redirect', Array, true)
#13 C:/Users/regin/Downloads/miswan-fashion/miswan-fashion/vendor/laravel/framework/src/Illuminate/Container/Container.php(864): Illuminate/Foundation/Application->resolve('redirect', Array)
#14 C:/Users/regin/Downloads/miswan-fashion/miswan-fashion/vendor/laravel/framework/src/Illuminate/Foundation/Application.php(1058): Illuminate/Container/Container->make('redirect', Array)
#15 C:/Users/regin/Downloads/miswan-fashion/miswan-fashion/vendor/laravel/framework/src/Illuminate/Container/Container.php(1805): Illuminate/Foundation/Application->make('redirect')
#16 C:/Users/regin/Downloads/miswan-fashion/miswan-fashion/vendor/laravel/framework/src/Illuminate/Routing/RoutingServiceProvider.php(177): Illuminate/Container/Container->offsetGet('redirect')
#17 C:/Users/regin/Downloads/miswan-fashion/miswan-fashion/vendor/laravel/framework/src/Illuminate/Container/Container.php(1115): Illuminate/Routing/RoutingServiceProvider->Illuminate/Routing/{closure}(Object(Illuminate/Foundation/Application), Array)
#18 C:/Users/regin/Downloads/miswan-fashion/miswan-fashion/vendor/laravel/framework/src/Illuminate/Container/Container.php(933): Illuminate/Container/Container->build(Object(Closure))
#19 C:/Users/regin/Downloads/miswan-fashion/miswan-fashion/vendor/laravel/framework/src/Illuminate/Foundation/Application.php(1078): Illuminate/Container/Container->resolve('Illuminate//Cont...', Array, true)
#20 C:/Users/regin/Downloads/miswan-fashion/miswan-fashion/vendor/laravel/framework/src/Illuminate/Container/Container.php(864): Illuminate/Foundation/Application->resolve('Illuminate//Cont...', Array)
#21 C:/Users/regin/Downloads/miswan-fashion/miswan-fashion/vendor/laravel/framework/src/Illuminate/Foundation/Application.php(1058): Illuminate/Container/Container->make('Illuminate//Cont...', Array)
#22 C:/Users/regin/Downloads/miswan-fashion/miswan-fashion/vendor/laravel/framework/src/Illuminate/Foundation/helpers.php(138): Illuminate/Foundation/Application->make('Illuminate//Cont...', Array)
#23 C:/Users/regin/Downloads/miswan-fashion/miswan-fashion/vendor/laravel/framework/src/Illuminate/Foundation/helpers.php(850): app('Illuminate//Cont...')
#24 C:/Users/regin/Downloads/miswan-fashion/miswan-fashion/vendor/laravel/framework/src/Illuminate/Foundation/Exceptions/Handler.php(987): response('<!-- Call to un...', 500, Array)
#25 C:/Users/regin/Downloads/miswan-fashion/miswan-fashion/vendor/laravel/framework/src/Illuminate/Foundation/Exceptions/Handler.php(839): Illuminate/Foundation/Exceptions/Handler->toIlluminateResponse(Object(Symfony/Component/HttpFoundation/Response), Object(Error))
#26 C:/Users/regin/Downloads/miswan-fashion/miswan-fashion/vendor/laravel/framework/src/Illuminate/Foundation/Exceptions/Handler.php(738): Illuminate/Foundation/Exceptions/Handler->prepareResponse(Object(Illuminate/Http/Request), Object(Error))
#27 C:/Users/regin/Downloads/miswan-fashion/miswan-fashion/vendor/laravel/framework/src/Illuminate/Foundation/Exceptions/Handler.php(626): Illuminate/Foundation/Exceptions/Handler->renderExceptionResponse(Object(Illuminate/Http/Request), Object(Error))
#28 C:/Users/regin/Downloads/miswan-fashion/miswan-fashion/vendor/laravel/framework/src/Illuminate/Routing/Pipeline.php(51): Illuminate/Foundation/Exceptions/Handler->render(Object(Illuminate/Http/Request), Object(Error))
#29 C:/Users/regin/Downloads/miswan-fashion/miswan-fashion/vendor/laravel/framework/src/Illuminate/Pipeline/Pipeline.php(224): Illuminate/Routing/Pipeline->handleException(Object(Illuminate/Http/Request), Object(Error))
#30 C:/Users/regin/Downloads/miswan-fashion/miswan-fashion/vendor/laravel/framework/src/Illuminate/Pipeline/Pipeline.php(137): Illuminate/Pipeline/Pipeline->Illuminate/Pipeline/{closure}(Object(Illuminate/Http/Request))
#31 C:/Users/regin/Downloads/miswan-fashion/miswan-fashion/vendor/laravel/framework/src/Illuminate/Foundation/Http/Kernel.php(175): Illuminate/Pipeline/Pipeline->then(Object(Closure))
#32 C:/Users/regin/Downloads/miswan-fashion/miswan-fashion/vendor/laravel/framework/src/Illuminate/Foundation/Http/Kernel.php(144): Illuminate/Foundation/Http/Kernel->sendRequestThroughRouter(Object(Illuminate/Http/Request))
#33 C:/Users/regin/Downloads/miswan-fashion/miswan-fashion/vendor/laravel/framework/src/Illuminate/Foundation/Application.php(1220): Illuminate/Foundation/Http/Kernel->handle(Object(Illuminate/Http/Request))
#34 C:/Users/regin/Downloads/miswan-fashion/miswan-fashion/public/index.php(20): Illuminate/Foundation/Application->handleRequest(Object(Illuminate/Http/Request))
#35 C:/Users/regin/Downloads/miswan-fashion/miswan-fashion/vendor/laravel/framework/src/Illuminate/Foundation/resources/server.php(23): require_once('C://Users//regin//...')
#36 {main}
"} 
[2026-08-16 13:58:20] local.ERROR: Call to undefined function Illuminate\Support\mb_split() {"exception":"[object] (Error(code: 0): Call to undefined function Illuminate\\Support\\mb_split() at C:/Users/regin/Downloads/miswan-fashion/miswan-fashion/vendor/laravel/framework/src/Illuminate/Support/Str.php:1722)
[stacktrace]
#0 C:/Users/regin/Downloads/miswan-fashion/miswan-fashion/vendor/laravel/framework/src/Illuminate/Support/Manager.php(98): Illuminate/Support/Str::studly('file')
#1 C:/Users/regin/Downloads/miswan-fashion/miswan-fashion/vendor/laravel/framework/src/Illuminate/Support/Manager.php(78): Illuminate/Support/Manager->createDriver('file')
#2 C:/Users/regin/Downloads/miswan-fashion/miswan-fashion/vendor/laravel/framework/src/Illuminate/Session/SessionServiceProvider.php(52): Illuminate/Support/Manager->driver()
#3 C:/Users/regin/Downloads/miswan-fashion/miswan-fashion/vendor/laravel/framework/src/Illuminate/Container/Container.php(1115): Illuminate/Session/SessionServiceProvider->Illuminate/Session/{closure}(Object(Illuminate/Foundation/Application), Array)
#4 C:/Users/regin/Downloads/miswan-fashion/miswan-fashion/vendor/laravel/framework/src/Illuminate/Container/Container.php(933): Illuminate/Container/Container->build(Object(Closure))
#5 C:/Users/regin/Downloads/miswan-fashion/miswan-fashion/vendor/laravel/framework/src/Illuminate/Foundation/Application.php(1078): Illuminate/Container/Container->resolve('session.store', Array, true)
#6 C:/Users/regin/Downloads/miswan-fashion/miswan-fashion/vendor/laravel/framework/src/Illuminate/Container/Container.php(864): Illuminate/Foundation/Application->resolve('session.store', Array)
#7 C:/Users/regin/Downloads/miswan-fashion/miswan-fashion/vendor/laravel/framework/src/Illuminate/Foundation/Application.php(1058): Illuminate/Container/Container->make('session.store', Array)
#8 C:/Users/regin/Downloads/miswan-fashion/miswan-fashion/vendor/laravel/framework/src/Illuminate/Container/Container.php(1805): Illuminate/Foundation/Application->make('session.store')
#9 C:/Users/regin/Downloads/miswan-fashion/miswan-fashion/vendor/laravel/framework/src/Illuminate/Routing/RoutingServiceProvider.php(121): Illuminate/Container/Container->offsetGet('session.store')
#10 C:/Users/regin/Downloads/miswan-fashion/miswan-fashion/vendor/laravel/framework/src/Illuminate/Container/Container.php(1115): Illuminate/Routing/RoutingServiceProvider->Illuminate/Routing/{closure}(Object(Illuminate/Foundation/Application), Array)
#11 C:/Users/regin/Downloads/miswan-fashion/miswan-fashion/vendor/laravel/framework/src/Illuminate/Container/Container.php(933): Illuminate/Container/Container->build(Object(Closure))
#12 C:/Users/regin/Downloads/miswan-fashion/miswan-fashion/vendor/laravel/framework/src/Illuminate/Foundation/Application.php(1078): Illuminate/Container/Container->resolve('redirect', Array, true)
#13 C:/Users/regin/Downloads/miswan-fashion/miswan-fashion/vendor/laravel/framework/src/Illuminate/Container/Container.php(864): Illuminate/Foundation/Application->resolve('redirect', Array)
#14 C:/Users/regin/Downloads/miswan-fashion/miswan-fashion/vendor/laravel/framework/src/Illuminate/Foundation/Application.php(1058): Illuminate/Container/Container->make('redirect', Array)
#15 C:/Users/regin/Downloads/miswan-fashion/miswan-fashion/vendor/laravel/framework/src/Illuminate/Container/Container.php(1805): Illuminate/Foundation/Application->make('redirect')
#16 C:/Users/regin/Downloads/miswan-fashion/miswan-fashion/vendor/laravel/framework/src/Illuminate/Routing/RoutingServiceProvider.php(177): Illuminate/Container/Container->offsetGet('redirect')
#17 C:/Users/regin/Downloads/miswan-fashion/miswan-fashion/vendor/laravel/framework/src/Illuminate/Container/Container.php(1115): Illuminate/Routing/RoutingServiceProvider->Illuminate/Routing/{closure}(Object(Illuminate/Foundation/Application), Array)
#18 C:/Users/regin/Downloads/miswan-fashion/miswan-fashion/vendor/laravel/framework/src/Illuminate/Container/Container.php(933): Illuminate/Container/Container->build(Object(Closure))
#19 C:/Users/regin/Downloads/miswan-fashion/miswan-fashion/vendor/laravel/framework/src/Illuminate/Foundation/Application.php(1078): Illuminate/Container/Container->resolve('Illuminate//Cont...', Array, true)
#20 C:/Users/regin/Downloads/miswan-fashion/miswan-fashion/vendor/laravel/framework/src/Illuminate/Container/Container.php(864): Illuminate/Foundation/Application->resolve('Illuminate//Cont...', Array)
#21 C:/Users/regin/Downloads/miswan-fashion/miswan-fashion/vendor/laravel/framework/src/Illuminate/Foundation/Application.php(1058): Illuminate/Container/Container->make('Illuminate//Cont...', Array)
#22 C:/Users/regin/Downloads/miswan-fashion/miswan-fashion/vendor/laravel/framework/src/Illuminate/Foundation/helpers.php(138): Illuminate/Foundation/Application->make('Illuminate//Cont...', Array)
#23 C:/Users/regin/Downloads/miswan-fashion/miswan-fashion/vendor/laravel/framework/src/Illuminate/Foundation/helpers.php(850): app('Illuminate//Cont...')
#24 C:/Users/regin/Downloads/miswan-fashion/miswan-fashion/vendor/laravel/framework/src/Illuminate/Foundation/Exceptions/Handler.php(987): response('<!-- Call to un...', 500, Array)
#25 C:/Users/regin/Downloads/miswan-fashion/miswan-fashion/vendor/laravel/framework/src/Illuminate/Foundation/Exceptions/Handler.php(839): Illuminate/Foundation/Exceptions/Handler->toIlluminateResponse(Object(Symfony/Component/HttpFoundation/Response), Object(Error))
#26 C:/Users/regin/Downloads/miswan-fashion/miswan-fashion/vendor/laravel/framework/src/Illuminate/Foundation/Exceptions/Handler.php(738): Illuminate/Foundation/Exceptions/Handler->prepareResponse(Object(Illuminate/Http/Request), Object(Error))
#27 C:/Users/regin/Downloads/miswan-fashion/miswan-fashion/vendor/laravel/framework/src/Illuminate/Foundation/Exceptions/Handler.php(626): Illuminate/Foundation/Exceptions/Handler->renderExceptionResponse(Object(Illuminate/Http/Request), Object(Error))
#28 C:/Users/regin/Downloads/miswan-fashion/miswan-fashion/vendor/laravel/framework/src/Illuminate/Foundation/Http/Kernel.php(574): Illuminate/Foundation/Exceptions/Handler->render(Object(Illuminate/Http/Request), Object(Error))
#29 C:/Users/regin/Downloads/miswan-fashion/miswan-fashion/vendor/laravel/framework/src/Illuminate/Foundation/Http/Kernel.php(148): Illuminate/Foundation/Http/Kernel->renderException(Object(Illuminate/Http/Request), Object(Error))
#30 C:/Users/regin/Downloads/miswan-fashion/miswan-fashion/vendor/laravel/framework/src/Illuminate/Foundation/Application.php(1220): Illuminate/Foundation/Http/Kernel->handle(Object(Illuminate/Http/Request))
#31 C:/Users/regin/Downloads/miswan-fashion/miswan-fashion/public/index.php(20): Illuminate/Foundation/Application->handleRequest(Object(Illuminate/Http/Request))
#32 C:/Users/regin/Downloads/miswan-fashion/miswan-fashion/vendor/laravel/framework/src/Illuminate/Foundation/resources/server.php(23): require_once('C://Users//regin//...')
#33 {main}
"} 
[2026-08-16 13:58:21] local.ERROR: Uncaught Error: Call to undefined function Illuminate\Support\mb_split() in C:\Users\regin\Downloads\miswan-fashion\miswan-fashion\vendor\laravel\framework\src\Illuminate\Support\Str.php:1722
Stack trace:
#0 C:\Users\regin\Downloads\miswan-fashion\miswan-fashion\vendor\laravel\framework\src\Illuminate\Support\Manager.php(98): Illuminate\Support\Str::studly('file')
#1 C:\Users\regin\Downloads\miswan-fashion\miswan-fashion\vendor\laravel\framework\src\Illuminate\Support\Manager.php(78): Illuminate\Support\Manager->createDriver('file')
#2 C:\Users\regin\Downloads\miswan-fashion\miswan-fashion\vendor\laravel\framework\src\Illuminate\Session\SessionServiceProvider.php(52): Illuminate\Support\Manager->driver()
#3 C:\Users\regin\Downloads\miswan-fashion\miswan-fashion\vendor\laravel\framework\src\Illuminate\Container\Container.php(1115): Illuminate\Session\SessionServiceProvider->Illuminate\Session\{closure}(Object(Illuminate\Foundation\Application), Array)
#4 C:\Users\regin\Downloads\miswan-fashion\miswan-fashion\vendor\laravel\framework\src\Illuminate\Container\Container.php(933): Illuminate\Container\Container->build(Object(Closure))
#5 C:\Users\regin\Downloads\miswan-fashion\miswan-fashion\vendor\laravel\framework\src\Illuminate\Foundation\Application.php(1078): Illuminate\Container\Container->resolve('session.store', Array, true)
#6 C:\Users\regin\Downloads\miswan-fashion\miswan-fashion\vendor\laravel\framework\src\Illuminate\Container\Container.php(864): Illuminate\Foundation\Application->resolve('session.store', Array)
#7 C:\Users\regin\Downloads\miswan-fashion\miswan-fashion\vendor\laravel\framework\src\Illuminate\Foundation\Application.php(1058): Illuminate\Container\Container->make('session.store', Array)
#8 C:\Users\regin\Downloads\miswan-fashion\miswan-fashion\vendor\laravel\framework\src\Illuminate\Container\Container.php(1805): Illuminate\Foundation\Application->make('session.store')
#9 C:\Users\regin\Downloads\miswan-fashion\miswan-fashion\vendor\laravel\framework\src\Illuminate\Routing\RoutingServiceProvider.php(121): Illuminate\Container\Container->offsetGet('session.store')
#10 C:\Users\regin\Downloads\miswan-fashion\miswan-fashion\vendor\laravel\framework\src\Illuminate\Container\Container.php(1115): Illuminate\Routing\RoutingServiceProvider->Illuminate\Routing\{closure}(Object(Illuminate\Foundation\Application), Array)
#11 C:\Users\regin\Downloads\miswan-fashion\miswan-fashion\vendor\laravel\framework\src\Illuminate\Container\Container.php(933): Illuminate\Container\Container->build(Object(Closure))
#12 C:\Users\regin\Downloads\miswan-fashion\miswan-fashion\vendor\laravel\framework\src\Illuminate\Foundation\Application.php(1078): Illuminate\Container\Container->resolve('redirect', Array, true)
#13 C:\Users\regin\Downloads\miswan-fashion\miswan-fashion\vendor\laravel\framework\src\Illuminate\Container\Container.php(864): Illuminate\Foundation\Application->resolve('redirect', Array)
#14 C:\Users\regin\Downloads\miswan-fashion\miswan-fashion\vendor\laravel\framework\src\Illuminate\Foundation\Application.php(1058): Illuminate\Container\Container->make('redirect', Array)
#15 C:\Users\regin\Downloads\miswan-fashion\miswan-fashion\vendor\laravel\framework\src\Illuminate\Container\Container.php(1805): Illuminate\Foundation\Application->make('redirect')
#16 C:\Users\regin\Downloads\miswan-fashion\miswan-fashion\vendor\laravel\framework\src\Illuminate\Routing\RoutingServiceProvider.php(177): Illuminate\Container\Container->offsetGet('redirect')
#17 C:\Users\regin\Downloads\miswan-fashion\miswan-fashion\vendor\laravel\framework\src\Illuminate\Container\Container.php(1115): Illuminate\Routing\RoutingServiceProvider->Illuminate\Routing\{closure}(Object(Illuminate\Foundation\Application), Array)
#18 C:\Users\regin\Downloads\miswan-fashion\miswan-fashion\vendor\laravel\framework\src\Illuminate\Container\Container.php(933): Illuminate\Container\Container->build(Object(Closure))
#19 C:\Users\regin\Downloads\miswan-fashion\miswan-fashion\vendor\laravel\framework\src\Illuminate\Foundation\Application.php(1078): Illuminate\Container\Container->resolve('Illuminate\\Cont...', Array, true)
#20 C:\Users\regin\Downloads\miswan-fashion\miswan-fashion\vendor\laravel\framework\src\Illuminate\Container\Container.php(864): Illuminate\Foundation\Application->resolve('Illuminate\\Cont...', Array)
#21 C:\Users\regin\Downloads\miswan-fashion\miswan-fashion\vendor\laravel\framework\src\Illuminate\Foundation\Application.php(1058): Illuminate\Container\Container->make('Illuminate\\Cont...', Array)
#22 C:\Users\regin\Downloads\miswan-fashion\miswan-fashion\vendor\laravel\framework\src\Illuminate\Foundation\helpers.php(138): Illuminate\Foundation\Application->make('Illuminate\\Cont...', Array)
#23 C:\Users\regin\Downloads\miswan-fashion\miswan-fashion\vendor\laravel\framework\src\Illuminate\Foundation\helpers.php(850): app('Illuminate\\Cont...')
#24 C:\Users\regin\Downloads\miswan-fashion\miswan-fashion\vendor\laravel\framework\src\Illuminate\Foundation\Exceptions\Handler.php(987): response('<!-- Call to un...', 500, Array)
#25 C:\Users\regin\Downloads\miswan-fashion\miswan-fashion\vendor\laravel\framework\src\Illuminate\Foundation\Exceptions\Handler.php(839): Illuminate\Foundation\Exceptions\Handler->toIlluminateResponse(Object(Symfony\Component\HttpFoundation\Response), Object(Error))
#26 C:\Users\regin\Downloads\miswan-fashion\miswan-fashion\vendor\laravel\framework\src\Illuminate\Foundation\Exceptions\Handler.php(738): Illuminate\Foundation\Exceptions\Handler->prepareResponse(Object(Illuminate\Http\Request), Object(Error))
#27 C:\Users\regin\Downloads\miswan-fashion\miswan-fashion\vendor\laravel\framework\src\Illuminate\Foundation\Exceptions\Handler.php(626): Illuminate\Foundation\Exceptions\Handler->renderExceptionResponse(Object(Illuminate\Http\Request), Object(Error))
#28 C:\Users\regin\Downloads\miswan-fashion\miswan-fashion\vendor\laravel\framework\src\Illuminate\Foundation\Bootstrap\HandleExceptions.php(225): Illuminate\Foundation\Exceptions\Handler->render(Object(Illuminate\Http\Request), Object(Error))
#29 C:\Users\regin\Downloads\miswan-fashion\miswan-fashion\vendor\laravel\framework\src\Illuminate\Foundation\Bootstrap\HandleExceptions.php(202): Illuminate\Foundation\Bootstrap\HandleExceptions->renderHttpResponse(Object(Error))
#30 C:\Users\regin\Downloads\miswan-fashion\miswan-fashion\vendor\laravel\framework\src\Illuminate\Foundation\Bootstrap\HandleExceptions.php(262): Illuminate\Foundation\Bootstrap\HandleExceptions->handleException(Object(Error))
#31 [internal function]: Illuminate\Foundation\Bootstrap\HandleExceptions->Illuminate\Foundation\Bootstrap\{closure}(Object(Error))
#32 {main}
  thrown {"exception":"[object] (Symfony\\Component\\ErrorHandler\\Error\\FatalError(code: 0): Uncaught Error: Call to undefined function Illuminate\\Support\\mb_split() in C:\\Users\\regin\\Downloads\\miswan-fashion\\miswan-fashion\\vendor\\laravel\\framework\\src\\Illuminate\\Support\\Str.php:1722
Stack trace:
#0 C:\\Users\\regin\\Downloads\\miswan-fashion\\miswan-fashion\\vendor\\laravel\\framework\\src\\Illuminate\\Support\\Manager.php(98): Illuminate\\Support\\Str::studly('file')
#1 C:\\Users\\regin\\Downloads\\miswan-fashion\\miswan-fashion\\vendor\\laravel\\framework\\src\\Illuminate\\Support\\Manager.php(78): Illuminate\\Support\\Manager->createDriver('file')
#2 C:\\Users\\regin\\Downloads\\miswan-fashion\\miswan-fashion\\vendor\\laravel\\framework\\src\\Illuminate\\Session\\SessionServiceProvider.php(52): Illuminate\\Support\\Manager->driver()
#3 C:\\Users\\regin\\Downloads\\miswan-fashion\\miswan-fashion\\vendor\\laravel\\framework\\src\\Illuminate\\Container\\Container.php(1115): Illuminate\\Session\\SessionServiceProvider->Illuminate\\Session\\{closure}(Object(Illuminate\\Foundation\\Application), Array)
#4 C:\\Users\\regin\\Downloads\\miswan-fashion\\miswan-fashion\\vendor\\laravel\\framework\\src\\Illuminate\\Container\\Container.php(933): Illuminate\\Container\\Container->build(Object(Closure))
#5 C:\\Users\\regin\\Downloads\\miswan-fashion\\miswan-fashion\\vendor\\laravel\\framework\\src\\Illuminate\\Foundation\\Application.php(1078): Illuminate\\Container\\Container->resolve('session.store', Array, true)
#6 C:\\Users\\regin\\Downloads\\miswan-fashion\\miswan-fashion\\vendor\\laravel\\framework\\src\\Illuminate\\Container\\Container.php(864): Illuminate\\Foundation\\Application->resolve('session.store', Array)
#7 C:\\Users\\regin\\Downloads\\miswan-fashion\\miswan-fashion\\vendor\\laravel\\framework\\src\\Illuminate\\Foundation\\Application.php(1058): Illuminate\\Container\\Container->make('session.store', Array)
#8 C:\\Users\\regin\\Downloads\\miswan-fashion\\miswan-fashion\\vendor\\laravel\\framework\\src\\Illuminate\\Container\\Container.php(1805): Illuminate\\Foundation\\Application->make('session.store')
#9 C:\\Users\\regin\\Downloads\\miswan-fashion\\miswan-fashion\\vendor\\laravel\\framework\\src\\Illuminate\\Routing\\RoutingServiceProvider.php(121): Illuminate\\Container\\Container->offsetGet('session.store')
#10 C:\\Users\\regin\\Downloads\\miswan-fashion\\miswan-fashion\\vendor\\laravel\\framework\\src\\Illuminate\\Container\\Container.php(1115): Illuminate\\Routing\\RoutingServiceProvider->Illuminate\\Routing\\{closure}(Object(Illuminate\\Foundation\\Application), Array)
#11 C:\\Users\\regin\\Downloads\\miswan-fashion\\miswan-fashion\\vendor\\laravel\\framework\\src\\Illuminate\\Container\\Container.php(933): Illuminate\\Container\\Container->build(Object(Closure))
#12 C:\\Users\\regin\\Downloads\\miswan-fashion\\miswan-fashion\\vendor\\laravel\\framework\\src\\Illuminate\\Foundation\\Application.php(1078): Illuminate\\Container\\Container->resolve('redirect', Array, true)
#13 C:\\Users\\regin\\Downloads\\miswan-fashion\\miswan-fashion\\vendor\\laravel\\framework\\src\\Illuminate\\Container\\Container.php(864): Illuminate\\Foundation\\Application->resolve('redirect', Array)
#14 C:\\Users\\regin\\Downloads\\miswan-fashion\\miswan-fashion\\vendor\\laravel\\framework\\src\\Illuminate\\Foundation\\Application.php(1058): Illuminate\\Container\\Container->make('redirect', Array)
#15 C:\\Users\\regin\\Downloads\\miswan-fashion\\miswan-fashion\\vendor\\laravel\\framework\\src\\Illuminate\\Container\\Container.php(1805): Illuminate\\Foundation\\Application->make('redirect')
#16 C:\\Users\\regin\\Downloads\\miswan-fashion\\miswan-fashion\\vendor\\laravel\\framework\\src\\Illuminate\\Routing\\RoutingServiceProvider.php(177): Illuminate\\Container\\Container->offsetGet('redirect')
#17 C:\\Users\\regin\\Downloads\\miswan-fashion\\miswan-fashion\\vendor\\laravel\\framework\\src\\Illuminate\\Container\\Container.php(1115): Illuminate\\Routing\\RoutingServiceProvider->Illuminate\\Routing\\{closure}(Object(Illuminate\\Foundation\\Application), Array)
#18 C:\\Users\\regin\\Downloads\\miswan-fashion\\miswan-fashion\\vendor\\laravel\\framework\\src\\Illuminate\\Container\\Container.php(933): Illuminate\\Container\\Container->build(Object(Closure))
#19 C:\\Users\\regin\\Downloads\\miswan-fashion\\miswan-fashion\\vendor\\laravel\\framework\\src\\Illuminate\\Foundation\\Application.php(1078): Illuminate\\Container\\Container->resolve('Illuminate\\\\Cont...', Array, true)
#20 C:\\Users\\regin\\Downloads\\miswan-fashion\\miswan-fashion\\vendor\\laravel\\framework\\src\\Illuminate\\Container\\Container.php(864): Illuminate\\Foundation\\Application->resolve('Illuminate\\\\Cont...', Array)
#21 C:\\Users\\regin\\Downloads\\miswan-fashion\\miswan-fashion\\vendor\\laravel\\framework\\src\\Illuminate\\Foundation\\Application.php(1058): Illuminate\\Container\\Container->make('Illuminate\\\\Cont...', Array)
#22 C:\\Users\\regin\\Downloads\\miswan-fashion\\miswan-fashion\\vendor\\laravel\\framework\\src\\Illuminate\\Foundation\\helpers.php(138): Illuminate\\Foundation\\Application->make('Illuminate\\\\Cont...', Array)
#23 C:\\Users\\regin\\Downloads\\miswan-fashion\\miswan-fashion\\vendor\\laravel\\framework\\src\\Illuminate\\Foundation\\helpers.php(850): app('Illuminate\\\\Cont...')
#24 C:\\Users\\regin\\Downloads\\miswan-fashion\\miswan-fashion\\vendor\\laravel\\framework\\src\\Illuminate\\Foundation\\Exceptions\\Handler.php(987): response('<!-- Call to un...', 500, Array)
#25 C:\\Users\\regin\\Downloads\\miswan-fashion\\miswan-fashion\\vendor\\laravel\\framework\\src\\Illuminate\\Foundation\\Exceptions\\Handler.php(839): Illuminate\\Foundation\\Exceptions\\Handler->toIlluminateResponse(Object(Symfony\\Component\\HttpFoundation\\Response), Object(Error))
#26 C:\\Users\\regin\\Downloads\\miswan-fashion\\miswan-fashion\\vendor\\laravel\\framework\\src\\Illuminate\\Foundation\\Exceptions\\Handler.php(738): Illuminate\\Foundation\\Exceptions\\Handler->prepareResponse(Object(Illuminate\\Http\\Request), Object(Error))
#27 C:\\Users\\regin\\Downloads\\miswan-fashion\\miswan-fashion\\vendor\\laravel\\framework\\src\\Illuminate\\Foundation\\Exceptions\\Handler.php(626): Illuminate\\Foundation\\Exceptions\\Handler->renderExceptionResponse(Object(Illuminate\\Http\\Request), Object(Error))
#28 C:\\Users\\regin\\Downloads\\miswan-fashion\\miswan-fashion\\vendor\\laravel\\framework\\src\\Illuminate\\Foundation\\Bootstrap\\HandleExceptions.php(225): Illuminate\\Foundation\\Exceptions\\Handler->render(Object(Illuminate\\Http\\Request), Object(Error))
#29 C:\\Users\\regin\\Downloads\\miswan-fashion\\miswan-fashion\\vendor\\laravel\\framework\\src\\Illuminate\\Foundation\\Bootstrap\\HandleExceptions.php(202): Illuminate\\Foundation\\Bootstrap\\HandleExceptions->renderHttpResponse(Object(Error))
#30 C:\\Users\\regin\\Downloads\\miswan-fashion\\miswan-fashion\\vendor\\laravel\\framework\\src\\Illuminate\\Foundation\\Bootstrap\\HandleExceptions.php(262): Illuminate\\Foundation\\Bootstrap\\HandleExceptions->handleException(Object(Error))
#31 [internal function]: Illuminate\\Foundation\\Bootstrap\\HandleExceptions->Illuminate\\Foundation\\Bootstrap\\{closure}(Object(Error))
#32 {main}
  thrown at C:/Users/regin/Downloads/miswan-fashion/miswan-fashion/vendor/laravel/framework/src/Illuminate/Support/Str.php:1722)
[stacktrace]
#0 {main}
"} 
[2026-08-16 13:59:37] local.ERROR: SQLSTATE[HY000] [2002] No connection could be made because the target machine actively refused it (Connection: mysql, Host: 127.0.0.1, Port: 3306, Database: miswan_fashion_db, SQL: select * from `sliders` where `status` = 1 order by `sort_order` asc) {"exception":"[object] (Illuminate\\Database\\QueryException(code: 2002): SQLSTATE[HY000] [2002] No connection could be made because the target machine actively refused it (Connection: mysql, Host: 127.0.0.1, Port: 3306, Database: miswan_fashion_db, SQL: select * from `sliders` where `status` = 1 order by `sort_order` asc) at C:/Users/regin/Downloads/miswan-fashion/miswan-fashion/vendor/laravel/framework/src/Illuminate/Database/Connection.php:838)
[stacktrace]
#0 C:/Users/regin/Downloads/miswan-fashion/miswan-fashion/vendor/laravel/framework/src/Illuminate/Database/Connection.php(999): Illuminate/Database/Connection->runQueryCallback('select * from `...', Array, Object(Closure))
#1 C:/Users/regin/Downloads/miswan-fashion/miswan-fashion/vendor/laravel/framework/src/Illuminate/Database/Connection.php(978): Illuminate/Database/Connection->tryAgainIfCausedByLostConnection(Object(Illuminate/Database/QueryException), 'select * from `...', Array, Object(Closure))
#2 C:/Users/regin/Downloads/miswan-fashion/miswan-fashion/vendor/laravel/framework/src/Illuminate/Database/Connection.php(796): Illuminate/Database/Connection->handleQueryException(Object(Illuminate/Database/QueryException), 'select * from `...', Array, Object(Closure))
#3 C:/Users/regin/Downloads/miswan-fashion/miswan-fashion/vendor/laravel/framework/src/Illuminate/Database/Connection.php(411): Illuminate/Database/Connection->run('select * from `...', Array, Object(Closure))
#4 C:/Users/regin/Downloads/miswan-fashion/miswan-fashion/vendor/laravel/framework/src/Illuminate/Database/Query/Builder.php(3505): Illuminate/Database/Connection->select('select * from `...', Array, true)
#5 C:/Users/regin/Downloads/miswan-fashion/miswan-fashion/vendor/laravel/framework/src/Illuminate/Database/Query/Builder.php(3490): Illuminate/Database/Query/Builder->runSelect()
#6 C:/Users/regin/Downloads/miswan-fashion/miswan-fashion/vendor/laravel/framework/src/Illuminate/Database/Query/Builder.php(4080): Illuminate/Database/Query/Builder->Illuminate/Database/Query/{closure}()
#7 C:/Users/regin/Downloads/miswan-fashion/miswan-fashion/vendor/laravel/framework/src/Illuminate/Database/Query/Builder.php(3489): Illuminate/Database/Query/Builder->onceWithColumns(Array, Object(Closure))
#8 C:/Users/regin/Downloads/miswan-fashion/miswan-fashion/vendor/laravel/framework/src/Illuminate/Database/Eloquent/Builder.php(902): Illuminate/Database/Query/Builder->get(Array)
#9 C:/Users/regin/Downloads/miswan-fashion/miswan-fashion/vendor/laravel/framework/src/Illuminate/Database/Eloquent/Builder.php(884): Illuminate/Database/Eloquent/Builder->getModels(Array)
#10 C:/Users/regin/Downloads/miswan-fashion/miswan-fashion/app/Http/Controllers/HomeController.php(15): Illuminate/Database/Eloquent/Builder->get()
#11 C:/Users/regin/Downloads/miswan-fashion/miswan-fashion/vendor/laravel/framework/src/Illuminate/Routing/ControllerDispatcher.php(46): App/Http/Controllers/HomeController->index()
#12 C:/Users/regin/Downloads/miswan-fashion/miswan-fashion/vendor/laravel/framework/src/Illuminate/Routing/Route.php(265): Illuminate/Routing/ControllerDispatcher->dispatch(Object(Illuminate/Routing/Route), Object(App/Http/Controllers/HomeController), 'index')
#13 C:/Users/regin/Downloads/miswan-fashion/miswan-fashion/vendor/laravel/framework/src/Illuminate/Routing/Route.php(211): Illuminate/Routing/Route->runController()
#14 C:/Users/regin/Downloads/miswan-fashion/miswan-fashion/vendor/laravel/framework/src/Illuminate/Routing/Router.php(822): Illuminate/Routing/Route->run()
#15 C:/Users/regin/Downloads/miswan-fashion/miswan-fashion/vendor/laravel/framework/src/Illuminate/Pipeline/Pipeline.php(180): Illuminate/Routing/Router->Illuminate/Routing/{closure}(Object(Illuminate/Http/Request))
#16 C:/Users/regin/Downloads/miswan-fashion/miswan-fashion/vendor/laravel/framework/src/Illuminate/Routing/Middleware/SubstituteBindings.php(50): Illuminate/Pipeline/Pipeline->Illuminate/Pipeline/{closure}(Object(Illuminate/Http/Request))
#17 C:/Users/regin/Downloads/miswan-fashion/miswan-fashion/vendor/laravel/framework/src/Illuminate/Pipeline/Pipeline.php(219): Illuminate/Routing/Middleware/SubstituteBindings->handle(Object(Illuminate/Http/Request), Object(Closure))
#18 C:/Users/regin/Downloads/miswan-fashion/miswan-fashion/vendor/laravel/framework/src/Illuminate/Foundation/Http/Middleware/VerifyCsrfToken.php(87): Illuminate/Pipeline/Pipeline->Illuminate/Pipeline/{closure}(Object(Illuminate/Http/Request))
#19 C:/Users/regin/Downloads/miswan-fashion/miswan-fashion/vendor/laravel/framework/src/Illuminate/Pipeline/Pipeline.php(219): Illuminate/Foundation/Http/Middleware/VerifyCsrfToken->handle(Object(Illuminate/Http/Request), Object(Closure))
#20 C:/Users/regin/Downloads/miswan-fashion/miswan-fashion/vendor/laravel/framework/src/Illuminate/View/Middleware/ShareErrorsFromSession.php(48): Illuminate/Pipeline/Pipeline->Illuminate/Pipeline/{closure}(Object(Illuminate/Http/Request))
#21 C:/Users/regin/Downloads/miswan-fashion/miswan-fashion/vendor/laravel/framework/src/Illuminate/Pipeline/Pipeline.php(219): Illuminate/View/Middleware/ShareErrorsFromSession->handle(Object(Illuminate/Http/Request), Object(Closure))
#22 C:/Users/regin/Downloads/miswan-fashion/miswan-fashion/vendor/laravel/framework/src/Illuminate/Session/Middleware/StartSession.php(120): Illuminate/Pipeline/Pipeline->Illuminate/Pipeline/{closure}(Object(Illuminate/Http/Request))
#23 C:/Users/regin/Downloads/miswan-fashion/miswan-fashion/vendor/laravel/framework/src/Illuminate/Session/Middleware/StartSession.php(63): Illuminate/Session/Middleware/StartSession->handleStatefulRequest(Object(Illuminate/Http/Request), Object(Illuminate/Session/Store), Object(Closure))
#24 C:/Users/regin/Downloads/miswan-fashion/miswan-fashion/vendor/laravel/framework/src/Illuminate/Pipeline/Pipeline.php(219): Illuminate/Session/Middleware/StartSession->handle(Object(Illuminate/Http/Request), Object(Closure))
#25 C:/Users/regin/Downloads/miswan-fashion/miswan-fashion/vendor/laravel/framework/src/Illuminate/Cookie/Middleware/AddQueuedCookiesToResponse.php(36): Illuminate/Pipeline/Pipeline->Illuminate/Pipeline/{closure}(Object(Illuminate/Http/Request))
#26 C:/Users/regin/Downloads/miswan-fashion/miswan-fashion/vendor/laravel/framework/src/Illuminate/Pipeline/Pipeline.php(219): Illuminate/Cookie/Middleware/AddQueuedCookiesToResponse->handle(Object(Illuminate/Http/Request), Object(Closure))
#27 C:/Users/regin/Downloads/miswan-fashion/miswan-fashion/vendor/laravel/framework/src/Illuminate/Cookie/Middleware/EncryptCookies.php(74): Illuminate/Pipeline/Pipeline->Illuminate/Pipeline/{closure}(Object(Illuminate/Http/Request))
#28 C:/Users/regin/Downloads/miswan-fashion/miswan-fashion/vendor/laravel/framework/src/Illuminate/Pipeline/Pipeline.php(219): Illuminate/Cookie/Middleware/EncryptCookies->handle(Object(Illuminate/Http/Request), Object(Closure))
#29 C:/Users/regin/Downloads/miswan-fashion/miswan-fashion/vendor/laravel/framework/src/Illuminate/Pipeline/Pipeline.php(137): Illuminate/Pipeline/Pipeline->Illuminate/Pipeline/{closure}(Object(Illuminate/Http/Request))
#30 C:/Users/regin/Downloads/miswan-fashion/miswan-fashion/vendor/laravel/framework/src/Illuminate/Routing/Router.php(821): Illuminate/Pipeline/Pipeline->then(Object(Closure))
#31 C:/Users/regin/Downloads/miswan-fashion/miswan-fashion/vendor/laravel/framework/src/Illuminate/Routing/Router.php(800): Illuminate/Routing/Router->runRouteWithinStack(Object(Illuminate/Routing/Route), Object(Illuminate/Http/Request))
#32 C:/Users/regin/Downloads/miswan-fashion/miswan-fashion/vendor/laravel/framework/src/Illuminate/Routing/Router.php(764): Illuminate/Routing/Router->runRoute(Object(Illuminate/Http/Request), Object(Illuminate/Routing/Route))
#33 C:/Users/regin/Downloads/miswan-fashion/miswan-fashion/vendor/laravel/framework/src/Illuminate/Routing/Router.php(753): Illuminate/Routing/Router->dispatchToRoute(Object(Illuminate/Http/Request))
#34 C:/Users/regin/Downloads/miswan-fashion/miswan-fashion/vendor/laravel/framework/src/Illuminate/Foundation/Http/Kernel.php(200): Illuminate/Routing/Router->dispatch(Object(Illuminate/Http/Request))
#35 C:/Users/regin/Downloads/miswan-fashion/miswan-fashion/vendor/laravel/framework/src/Illuminate/Pipeline/Pipeline.php(180): Illuminate/Foundation/Http/Kernel->Illuminate/Foundation/Http/{closure}(Object(Illuminate/Http/Request))
#36 C:/Users/regin/Downloads/miswan-fashion/miswan-fashion/vendor/laravel/framework/src/Illuminate/Foundation/Http/Middleware/TransformsRequest.php(21): Illuminate/Pipeline/Pipeline->Illuminate/Pipeline/{closure}(Object(Illuminate/Http/Request))
#37 C:/Users/regin/Downloads/miswan-fashion/miswan-fashion/vendor/laravel/framework/src/Illuminate/Foundation/Http/Middleware/ConvertEmptyStringsToNull.php(31): Illuminate/Foundation/Http/Middleware/TransformsRequest->handle(Object(Illuminate/Http/Request), Object(Closure))
#38 C:/Users/regin/Downloads/miswan-fashion/miswan-fashion/vendor/laravel/framework/src/Illuminate/Pipeline/Pipeline.php(219): Illuminate/Foundation/Http/Middleware/ConvertEmptyStringsToNull->handle(Object(Illuminate/Http/Request), Object(Closure))
#39 C:/Users/regin/Downloads/miswan-fashion/miswan-fashion/vendor/laravel/framework/src/Illuminate/Foundation/Http/Middleware/TransformsRequest.php(21): Illuminate/Pipeline/Pipeline->Illuminate/Pipeline/{closure}(Object(Illuminate/Http/Request))
#40 C:/Users/regin/Downloads/miswan-fashion/miswan-fashion/vendor/laravel/framework/src/Illuminate/Foundation/Http/Middleware/TrimStrings.php(51): Illuminate/Foundation/Http/Middleware/TransformsRequest->handle(Object(Illuminate/Http/Request), Object(Closure))
#41 C:/Users/regin/Downloads/miswan-fashion/miswan-fashion/vendor/laravel/framework/src/Illuminate/Pipeline/Pipeline.php(219): Illuminate/Foundation/Http/Middleware/TrimStrings->handle(Object(Illuminate/Http/Request), Object(Closure))
#42 C:/Users/regin/Downloads/miswan-fashion/miswan-fashion/vendor/laravel/framework/src/Illuminate/Http/Middleware/ValidatePostSize.php(27): Illuminate/Pipeline/Pipeline->Illuminate/Pipeline/{closure}(Object(Illuminate/Http/Request))
#43 C:/Users/regin/Downloads/miswan-fashion/miswan-fashion/vendor/laravel/framework/src/Illuminate/Pipeline/Pipeline.php(219): Illuminate/Http/Middleware/ValidatePostSize->handle(Object(Illuminate/Http/Request), Object(Closure))
#44 C:/Users/regin/Downloads/miswan-fashion/miswan-fashion/vendor/laravel/framework/src/Illuminate/Foundation/Http/Middleware/PreventRequestsDuringMaintenance.php(109): Illuminate/Pipeline/Pipeline->Illuminate/Pipeline/{closure}(Object(Illuminate/Http/Request))
#45 C:/Users/regin/Downloads/miswan-fashion/miswan-fashion/vendor/laravel/framework/src/Illuminate/Pipeline/Pipeline.php(219): Illuminate/Foundation/Http/Middleware/PreventRequestsDuringMaintenance->handle(Object(Illuminate/Http/Request), Object(Closure))
#46 C:/Users/regin/Downloads/miswan-fashion/miswan-fashion/vendor/laravel/framework/src/Illuminate/Http/Middleware/HandleCors.php(61): Illuminate/Pipeline/Pipeline->Illuminate/Pipeline/{closure}(Object(Illuminate/Http/Request))
#47 C:/Users/regin/Downloads/miswan-fashion/miswan-fashion/vendor/laravel/framework/src/Illuminate/Pipeline/Pipeline.php(219): Illuminate/Http/Middleware/HandleCors->handle(Object(Illuminate/Http/Request), Object(Closure))
#48 C:/Users/regin/Downloads/miswan-fashion/miswan-fashion/vendor/laravel/framework/src/Illuminate/Http/Middleware/TrustProxies.php(58): Illuminate/Pipeline/Pipeline->Illuminate/Pipeline/{closure}(Object(Illuminate/Http/Request))
#49 C:/Users/regin/Downloads/miswan-fashion/miswan-fashion/vendor/laravel/framework/src/Illuminate/Pipeline/Pipeline.php(219): Illuminate/Http/Middleware/TrustProxies->handle(Object(Illuminate/Http/Request), Object(Closure))
#50 C:/Users/regin/Downloads/miswan-fashion/miswan-fashion/vendor/laravel/framework/src/Illuminate/Foundation/Http/Middleware/InvokeDeferredCallbacks.php(22): Illuminate/Pipeline/Pipeline->Illuminate/Pipeline/{closure}(Object(Illuminate/Http/Request))
#51 C:/Users/regin/Downloads/miswan-fashion/miswan-fashion/vendor/laravel/framework/src/Illuminate/Pipeline/Pipeline.php(219): Illuminate/Foundation/Http/Middleware/InvokeDeferredCallbacks->handle(Object(Illuminate/Http/Request), Object(Closure))
#52 C:/Users/regin/Downloads/miswan-fashion/miswan-fashion/vendor/laravel/framework/src/Illuminate/Http/Middleware/ValidatePathEncoding.php(26): Illuminate/Pipeline/Pipeline->Illuminate/Pipeline/{closure}(Object(Illuminate/Http/Request))
#53 C:/Users/regin/Downloads/miswan-fashion/miswan-fashion/vendor/laravel/framework/src/Illuminate/Pipeline/Pipeline.php(219): Illuminate/Http/Middleware/ValidatePathEncoding->handle(Object(Illuminate/Http/Request), Object(Closure))
#54 C:/Users/regin/Downloads/miswan-fashion/miswan-fashion/vendor/laravel/framework/src/Illuminate/Pipeline/Pipeline.php(137): Illuminate/Pipeline/Pipeline->Illuminate/Pipeline/{closure}(Object(Illuminate/Http/Request))
#55 C:/Users/regin/Downloads/miswan-fashion/miswan-fashion/vendor/laravel/framework/src/Illuminate/Foundation/Http/Kernel.php(175): Illuminate/Pipeline/Pipeline->then(Object(Closure))
#56 C:/Users/regin/Downloads/miswan-fashion/miswan-fashion/vendor/laravel/framework/src/Illuminate/Foundation/Http/Kernel.php(144): Illuminate/Foundation/Http/Kernel->sendRequestThroughRouter(Object(Illuminate/Http/Request))
#57 C:/Users/regin/Downloads/miswan-fashion/miswan-fashion/vendor/laravel/framework/src/Illuminate/Foundation/Application.php(1220): Illuminate/Foundation/Http/Kernel->handle(Object(Illuminate/Http/Request))
#58 C:/Users/regin/Downloads/miswan-fashion/miswan-fashion/public/index.php(20): Illuminate/Foundation/Application->handleRequest(Object(Illuminate/Http/Request))
#59 C:/Users/regin/Downloads/miswan-fashion/miswan-fashion/vendor/laravel/framework/src/Illuminate/Foundation/resources/server.php(23): require_once('C://Users//regin//...')
#60 {main}

[previous exception] [object] (PDOException(code: 2002): SQLSTATE[HY000] [2002] No connection could be made because the target machine actively refused it at C:/Users/regin/Downloads/miswan-fashion/miswan-fashion/vendor/laravel/framework/src/Illuminate/Database/Connectors/Connector.php:66)
[stacktrace]
#0 C:/Users/regin/Downloads/miswan-fashion/miswan-fashion/vendor/laravel/framework/src/Illuminate/Database/Connectors/Connector.php(66): PDO->__construct('mysql:host=127....', 'root', Object(SensitiveParameterValue), Array)
#1 C:/Users/regin/Downloads/miswan-fashion/miswan-fashion/vendor/laravel/framework/src/Illuminate/Database/Connectors/Connector.php(85): Illuminate/Database/Connectors/Connector->createPdoConnection('mysql:host=127....', 'root', Object(SensitiveParameterValue), Array)
#2 C:/Users/regin/Downloads/miswan-fashion/miswan-fashion/vendor/laravel/framework/src/Illuminate/Database/Connectors/Connector.php(48): Illuminate/Database/Connectors/Connector->tryAgainIfCausedByLostConnection(Object(PDOException), 'mysql:host=127....', 'root', Object(SensitiveParameterValue), Array)
#3 C:/Users/regin/Downloads/miswan-fashion/miswan-fashion/vendor/laravel/framework/src/Illuminate/Database/Connectors/MySqlConnector.php(24): Illuminate/Database/Connectors/Connector->createConnection('mysql:host=127....', Array, Array)
#4 C:/Users/regin/Downloads/miswan-fashion/miswan-fashion/vendor/laravel/framework/src/Illuminate/Database/Connectors/ConnectionFactory.php(186): Illuminate/Database/Connectors/MySqlConnector->connect(Array)
#5 [internal function]: Illuminate/Database/Connectors/ConnectionFactory->Illuminate/Database/Connectors/{closure}()
#6 C:/Users/regin/Downloads/miswan-fashion/miswan-fashion/vendor/laravel/framework/src/Illuminate/Database/Connection.php(1257): call_user_func(Object(Closure))
#7 C:/Users/regin/Downloads/miswan-fashion/miswan-fashion/vendor/laravel/framework/src/Illuminate/Database/Connection.php(1295): Illuminate/Database/Connection->getPdo()
#8 C:/Users/regin/Downloads/miswan-fashion/miswan-fashion/vendor/laravel/framework/src/Illuminate/Database/Connection.php(525): Illuminate/Database/Connection->getReadPdo()
#9 C:/Users/regin/Downloads/miswan-fashion/miswan-fashion/vendor/laravel/framework/src/Illuminate/Database/Connection.php(420): Illuminate/Database/Connection->getPdoForSelect(true)
#10 C:/Users/regin/Downloads/miswan-fashion/miswan-fashion/vendor/laravel/framework/src/Illuminate/Database/Connection.php(827): Illuminate/Database/Connection->Illuminate/Database/{closure}('select * from `...', Array)
#11 C:/Users/regin/Downloads/miswan-fashion/miswan-fashion/vendor/laravel/framework/src/Illuminate/Database/Connection.php(999): Illuminate/Database/Connection->runQueryCallback('select * from `...', Array, Object(Closure))
#12 C:/Users/regin/Downloads/miswan-fashion/miswan-fashion/vendor/laravel/framework/src/Illuminate/Database/Connection.php(978): Illuminate/Database/Connection->tryAgainIfCausedByLostConnection(Object(Illuminate/Database/QueryException), 'select * from `...', Array, Object(Closure))
#13 C:/Users/regin/Downloads/miswan-fashion/miswan-fashion/vendor/laravel/framework/src/Illuminate/Database/Connection.php(796): Illuminate/Database/Connection->handleQueryException(Object(Illuminate/Database/QueryException), 'select * from `...', Array, Object(Closure))
#14 C:/Users/regin/Downloads/miswan-fashion/miswan-fashion/vendor/laravel/framework/src/Illuminate/Database/Connection.php(411): Illuminate/Database/Connection->run('select * from `...', Array, Object(Closure))
#15 C:/Users/regin/Downloads/miswan-fashion/miswan-fashion/vendor/laravel/framework/src/Illuminate/Database/Query/Builder.php(3505): Illuminate/Database/Connection->select('select * from `...', Array, true)
#16 C:/Users/regin/Downloads/miswan-fashion/miswan-fashion/vendor/laravel/framework/src/Illuminate/Database/Query/Builder.php(3490): Illuminate/Database/Query/Builder->runSelect()
#17 C:/Users/regin/Downloads/miswan-fashion/miswan-fashion/vendor/laravel/framework/src/Illuminate/Database/Query/Builder.php(4080): Illuminate/Database/Query/Builder->Illuminate/Database/Query/{closure}()
#18 C:/Users/regin/Downloads/miswan-fashion/miswan-fashion/vendor/laravel/framework/src/Illuminate/Database/Query/Builder.php(3489): Illuminate/Database/Query/Builder->onceWithColumns(Array, Object(Closure))
#19 C:/Users/regin/Downloads/miswan-fashion/miswan-fashion/vendor/laravel/framework/src/Illuminate/Database/Eloquent/Builder.php(902): Illuminate/Database/Query/Builder->get(Array)
#20 C:/Users/regin/Downloads/miswan-fashion/miswan-fashion/vendor/laravel/framework/src/Illuminate/Database/Eloquent/Builder.php(884): Illuminate/Database/Eloquent/Builder->getModels(Array)
#21 C:/Users/regin/Downloads/miswan-fashion/miswan-fashion/app/Http/Controllers/HomeController.php(15): Illuminate/Database/Eloquent/Builder->get()
#22 C:/Users/regin/Downloads/miswan-fashion/miswan-fashion/vendor/laravel/framework/src/Illuminate/Routing/ControllerDispatcher.php(46): App/Http/Controllers/HomeController->index()
#23 C:/Users/regin/Downloads/miswan-fashion/miswan-fashion/vendor/laravel/framework/src/Illuminate/Routing/Route.php(265): Illuminate/Routing/ControllerDispatcher->dispatch(Object(Illuminate/Routing/Route), Object(App/Http/Controllers/HomeController), 'index')
#24 C:/Users/regin/Downloads/miswan-fashion/miswan-fashion/vendor/laravel/framework/src/Illuminate/Routing/Route.php(211): Illuminate/Routing/Route->runController()
#25 C:/Users/regin/Downloads/miswan-fashion/miswan-fashion/vendor/laravel/framework/src/Illuminate/Routing/Router.php(822): Illuminate/Routing/Route->run()
#26 C:/Users/regin/Downloads/miswan-fashion/miswan-fashion/vendor/laravel/framework/src/Illuminate/Pipeline/Pipeline.php(180): Illuminate/Routing/Router->Illuminate/Routing/{closure}(Object(Illuminate/Http/Request))
#27 C:/Users/regin/Downloads/miswan-fashion/miswan-fashion/vendor/laravel/framework/src/Illuminate/Routing/Middleware/SubstituteBindings.php(50): Illuminate/Pipeline/Pipeline->Illuminate/Pipeline/{closure}(Object(Illuminate/Http/Request))
#28 C:/Users/regin/Downloads/miswan-fashion/miswan-fashion/vendor/laravel/framework/src/Illuminate/Pipeline/Pipeline.php(219): Illuminate/Routing/Middleware/SubstituteBindings->handle(Object(Illuminate/Http/Request), Object(Closure))
#29 C:/Users/regin/Downloads/miswan-fashion/miswan-fashion/vendor/laravel/framework/src/Illuminate/Foundation/Http/Middleware/VerifyCsrfToken.php(87): Illuminate/Pipeline/Pipeline->Illuminate/Pipeline/{closure}(Object(Illuminate/Http/Request))
#30 C:/Users/regin/Downloads/miswan-fashion/miswan-fashion/vendor/laravel/framework/src/Illuminate/Pipeline/Pipeline.php(219): Illuminate/Foundation/Http/Middleware/VerifyCsrfToken->handle(Object(Illuminate/Http/Request), Object(Closure))
#31 C:/Users/regin/Downloads/miswan-fashion/miswan-fashion/vendor/laravel/framework/src/Illuminate/View/Middleware/ShareErrorsFromSession.php(48): Illuminate/Pipeline/Pipeline->Illuminate/Pipeline/{closure}(Object(Illuminate/Http/Request))
#32 C:/Users/regin/Downloads/miswan-fashion/miswan-fashion/vendor/laravel/framework/src/Illuminate/Pipeline/Pipeline.php(219): Illuminate/View/Middleware/ShareErrorsFromSession->handle(Object(Illuminate/Http/Request), Object(Closure))
#33 C:/Users/regin/Downloads/miswan-fashion/miswan-fashion/vendor/laravel/framework/src/Illuminate/Session/Middleware/StartSession.php(120): Illuminate/Pipeline/Pipeline->Illuminate/Pipeline/{closure}(Object(Illuminate/Http/Request))
#34 C:/Users/regin/Downloads/miswan-fashion/miswan-fashion/vendor/laravel/framework/src/Illuminate/Session/Middleware/StartSession.php(63): Illuminate/Session/Middleware/StartSession->handleStatefulRequest(Object(Illuminate/Http/Request), Object(Illuminate/Session/Store), Object(Closure))
#35 C:/Users/regin/Downloads/miswan-fashion/miswan-fashion/vendor/laravel/framework/src/Illuminate/Pipeline/Pipeline.php(219): Illuminate/Session/Middleware/StartSession->handle(Object(Illuminate/Http/Request), Object(Closure))
#36 C:/Users/regin/Downloads/miswan-fashion/miswan-fashion/vendor/laravel/framework/src/Illuminate/Cookie/Middleware/AddQueuedCookiesToResponse.php(36): Illuminate/Pipeline/Pipeline->Illuminate/Pipeline/{closure}(Object(Illuminate/Http/Request))
#37 C:/Users/regin/Downloads/miswan-fashion/miswan-fashion/vendor/laravel/framework/src/Illuminate/Pipeline/Pipeline.php(219): Illuminate/Cookie/Middleware/AddQueuedCookiesToResponse->handle(Object(Illuminate/Http/Request), Object(Closure))
#38 C:/Users/regin/Downloads/miswan-fashion/miswan-fashion/vendor/laravel/framework/src/Illuminate/Cookie/Middleware/EncryptCookies.php(74): Illuminate/Pipeline/Pipeline->Illuminate/Pipeline/{closure}(Object(Illuminate/Http/Request))
#39 C:/Users/regin/Downloads/miswan-fashion/miswan-fashion/vendor/laravel/framework/src/Illuminate/Pipeline/Pipeline.php(219): Illuminate/Cookie/Middleware/EncryptCookies->handle(Object(Illuminate/Http/Request), Object(Closure))
#40 C:/Users/regin/Downloads/miswan-fashion/miswan-fashion/vendor/laravel/framework/src/Illuminate/Pipeline/Pipeline.php(137): Illuminate/Pipeline/Pipeline->Illuminate/Pipeline/{closure}(Object(Illuminate/Http/Request))
#41 C:/Users/regin/Downloads/miswan-fashion/miswan-fashion/vendor/laravel/framework/src/Illuminate/Routing/Router.php(821): Illuminate/Pipeline/Pipeline->then(Object(Closure))
#42 C:/Users/regin/Downloads/miswan-fashion/miswan-fashion/vendor/laravel/framework/src/Illuminate/Routing/Router.php(800): Illuminate/Routing/Router->runRouteWithinStack(Object(Illuminate/Routing/Route), Object(Illuminate/Http/Request))
#43 C:/Users/regin/Downloads/miswan-fashion/miswan-fashion/vendor/laravel/framework/src/Illuminate/Routing/Router.php(764): Illuminate/Routing/Router->runRoute(Object(Illuminate/Http/Request), Object(Illuminate/Routing/Route))
#44 C:/Users/regin/Downloads/miswan-fashion/miswan-fashion/vendor/laravel/framework/src/Illuminate/Routing/Router.php(753): Illuminate/Routing/Router->dispatchToRoute(Object(Illuminate/Http/Request))
#45 C:/Users/regin/Downloads/miswan-fashion/miswan-fashion/vendor/laravel/framework/src/Illuminate/Foundation/Http/Kernel.php(200): Illuminate/Routing/Router->dispatch(Object(Illuminate/Http/Request))
#46 C:/Users/regin/Downloads/miswan-fashion/miswan-fashion/vendor/laravel/framework/src/Illuminate/Pipeline/Pipeline.php(180): Illuminate/Foundation/Http/Kernel->Illuminate/Foundation/Http/{closure}(Object(Illuminate/Http/Request))
#47 C:/Users/regin/Downloads/miswan-fashion/miswan-fashion/vendor/laravel/framework/src/Illuminate/Foundation/Http/Middleware/TransformsRequest.php(21): Illuminate/Pipeline/Pipeline->Illuminate/Pipeline/{closure}(Object(Illuminate/Http/Request))
#48 C:/Users/regin/Downloads/miswan-fashion/miswan-fashion/vendor/laravel/framework/src/Illuminate/Foundation/Http/Middleware/ConvertEmptyStringsToNull.php(31): Illuminate/Foundation/Http/Middleware/TransformsRequest->handle(Object(Illuminate/Http/Request), Object(Closure))
#49 C:/Users/regin/Downloads/miswan-fashion/miswan-fashion/vendor/laravel/framework/src/Illuminate/Pipeline/Pipeline.php(219): Illuminate/Foundation/Http/Middleware/ConvertEmptyStringsToNull->handle(Object(Illuminate/Http/Request), Object(Closure))
#50 C:/Users/regin/Downloads/miswan-fashion/miswan-fashion/vendor/laravel/framework/src/Illuminate/Foundation/Http/Middleware/TransformsRequest.php(21): Illuminate/Pipeline/Pipeline->Illuminate/Pipeline/{closure}(Object(Illuminate/Http/Request))
#51 C:/Users/regin/Downloads/miswan-fashion/miswan-fashion/vendor/laravel/framework/src/Illuminate/Foundation/Http/Middleware/TrimStrings.php(51): Illuminate/Foundation/Http/Middleware/TransformsRequest->handle(Object(Illuminate/Http/Request), Object(Closure))
#52 C:/Users/regin/Downloads/miswan-fashion/miswan-fashion/vendor/laravel/framework/src/Illuminate/Pipeline/Pipeline.php(219): Illuminate/Foundation/Http/Middleware/TrimStrings->handle(Object(Illuminate/Http/Request), Object(Closure))
#53 C:/Users/regin/Downloads/miswan-fashion/miswan-fashion/vendor/laravel/framework/src/Illuminate/Http/Middleware/ValidatePostSize.php(27): Illuminate/Pipeline/Pipeline->Illuminate/Pipeline/{closure}(Object(Illuminate/Http/Request))
#54 C:/Users/regin/Downloads/miswan-fashion/miswan-fashion/vendor/laravel/framework/src/Illuminate/Pipeline/Pipeline.php(219): Illuminate/Http/Middleware/ValidatePostSize->handle(Object(Illuminate/Http/Request), Object(Closure))
#55 C:/Users/regin/Downloads/miswan-fashion/miswan-fashion/vendor/laravel/framework/src/Illuminate/Foundation/Http/Middleware/PreventRequestsDuringMaintenance.php(109): Illuminate/Pipeline/Pipeline->Illuminate/Pipeline/{closure}(Object(Illuminate/Http/Request))
#56 C:/Users/regin/Downloads/miswan-fashion/miswan-fashion/vendor/laravel/framework/src/Illuminate/Pipeline/Pipeline.php(219): Illuminate/Foundation/Http/Middleware/PreventRequestsDuringMaintenance->handle(Object(Illuminate/Http/Request), Object(Closure))
#57 C:/Users/regin/Downloads/miswan-fashion/miswan-fashion/vendor/laravel/framework/src/Illuminate/Http/Middleware/HandleCors.php(61): Illuminate/Pipeline/Pipeline->Illuminate/Pipeline/{closure}(Object(Illuminate/Http/Request))
#58 C:/Users/regin/Downloads/miswan-fashion/miswan-fashion/vendor/laravel/framework/src/Illuminate/Pipeline/Pipeline.php(219): Illuminate/Http/Middleware/HandleCors->handle(Object(Illuminate/Http/Request), Object(Closure))
#59 C:/Users/regin/Downloads/miswan-fashion/miswan-fashion/vendor/laravel/framework/src/Illuminate/Http/Middleware/TrustProxies.php(58): Illuminate/Pipeline/Pipeline->Illuminate/Pipeline/{closure}(Object(Illuminate/Http/Request))
#60 C:/Users/regin/Downloads/miswan-fashion/miswan-fashion/vendor/laravel/framework/src/Illuminate/Pipeline/Pipeline.php(219): Illuminate/Http/Middleware/TrustProxies->handle(Object(Illuminate/Http/Request), Object(Closure))
#61 C:/Users/regin/Downloads/miswan-fashion/miswan-fashion/vendor/laravel/framework/src/Illuminate/Foundation/Http/Middleware/InvokeDeferredCallbacks.php(22): Illuminate/Pipeline/Pipeline->Illuminate/Pipeline/{closure}(Object(Illuminate/Http/Request))
#62 C:/Users/regin/Downloads/miswan-fashion/miswan-fashion/vendor/laravel/framework/src/Illuminate/Pipeline/Pipeline.php(219): Illuminate/Foundation/Http/Middleware/InvokeDeferredCallbacks->handle(Object(Illuminate/Http/Request), Object(Closure))
#63 C:/Users/regin/Downloads/miswan-fashion/miswan-fashion/vendor/laravel/framework/src/Illuminate/Http/Middleware/ValidatePathEncoding.php(26): Illuminate/Pipeline/Pipeline->Illuminate/Pipeline/{closure}(Object(Illuminate/Http/Request))
#64 C:/Users/regin/Downloads/miswan-fashion/miswan-fashion/vendor/laravel/framework/src/Illuminate/Pipeline/Pipeline.php(219): Illuminate/Http/Middleware/ValidatePathEncoding->handle(Object(Illuminate/Http/Request), Object(Closure))
#65 C:/Users/regin/Downloads/miswan-fashion/miswan-fashion/vendor/laravel/framework/src/Illuminate/Pipeline/Pipeline.php(137): Illuminate/Pipeline/Pipeline->Illuminate/Pipeline/{closure}(Object(Illuminate/Http/Request))
#66 C:/Users/regin/Downloads/miswan-fashion/miswan-fashion/vendor/laravel/framework/src/Illuminate/Foundation/Http/Kernel.php(175): Illuminate/Pipeline/Pipeline->then(Object(Closure))
#67 C:/Users/regin/Downloads/miswan-fashion/miswan-fashion/vendor/laravel/framework/src/Illuminate/Foundation/Http/Kernel.php(144): Illuminate/Foundation/Http/Kernel->sendRequestThroughRouter(Object(Illuminate/Http/Request))
#68 C:/Users/regin/Downloads/miswan-fashion/miswan-fashion/vendor/laravel/framework/src/Illuminate/Foundation/Application.php(1220): Illuminate/Foundation/Http/Kernel->handle(Object(Illuminate/Http/Request))
#69 C:/Users/regin/Downloads/miswan-fashion/miswan-fashion/public/index.php(20): Illuminate/Foundation/Application->handleRequest(Object(Illuminate/Http/Request))
#70 C:/Users/regin/Downloads/miswan-fashion/miswan-fashion/vendor/laravel/framework/src/Illuminate/Foundation/resources/server.php(23): require_once('C://Users//regin//...')
#71 {main}
"} 
[2026-08-16 14:00:01] local.ERROR: SQLSTATE[HY000] [2002] No connection could be made because the target machine actively refused it (Connection: mysql, Host: 127.0.0.1, Port: 3306, Database: miswan_fashion_db, SQL: select * from `sliders` where `status` = 1 order by `sort_order` asc) {"exception":"[object] (Illuminate\\Database\\QueryException(code: 2002): SQLSTATE[HY000] [2002] No connection could be made because the target machine actively refused it (Connection: mysql, Host: 127.0.0.1, Port: 3306, Database: miswan_fashion_db, SQL: select * from `sliders` where `status` = 1 order by `sort_order` asc) at C:/Users/regin/Downloads/miswan-fashion/miswan-fashion/vendor/laravel/framework/src/Illuminate/Database/Connection.php:838)
[stacktrace]
#0 C:/Users/regin/Downloads/miswan-fashion/miswan-fashion/vendor/laravel/framework/src/Illuminate/Database/Connection.php(999): Illuminate/Database/Connection->runQueryCallback('select * from `...', Array, Object(Closure))
#1 C:/Users/regin/Downloads/miswan-fashion/miswan-fashion/vendor/laravel/framework/src/Illuminate/Database/Connection.php(978): Illuminate/Database/Connection->tryAgainIfCausedByLostConnection(Object(Illuminate/Database/QueryException), 'select * from `...', Array, Object(Closure))
#2 C:/Users/regin/Downloads/miswan-fashion/miswan-fashion/vendor/laravel/framework/src/Illuminate/Database/Connection.php(796): Illuminate/Database/Connection->handleQueryException(Object(Illuminate/Database/QueryException), 'select * from `...', Array, Object(Closure))
#3 C:/Users/regin/Downloads/miswan-fashion/miswan-fashion/vendor/laravel/framework/src/Illuminate/Database/Connection.php(411): Illuminate/Database/Connection->run('select * from `...', Array, Object(Closure))
#4 C:/Users/regin/Downloads/miswan-fashion/miswan-fashion/vendor/laravel/framework/src/Illuminate/Database/Query/Builder.php(3505): Illuminate/Database/Connection->select('select * from `...', Array, true)
#5 C:/Users/regin/Downloads/miswan-fashion/miswan-fashion/vendor/laravel/framework/src/Illuminate/Database/Query/Builder.php(3490): Illuminate/Database/Query/Builder->runSelect()
#6 C:/Users/regin/Downloads/miswan-fashion/miswan-fashion/vendor/laravel/framework/src/Illuminate/Database/Query/Builder.php(4080): Illuminate/Database/Query/Builder->Illuminate/Database/Query/{closure}()
#7 C:/Users/regin/Downloads/miswan-fashion/miswan-fashion/vendor/laravel/framework/src/Illuminate/Database/Query/Builder.php(3489): Illuminate/Database/Query/Builder->onceWithColumns(Array, Object(Closure))
#8 C:/Users/regin/Downloads/miswan-fashion/miswan-fashion/vendor/laravel/framework/src/Illuminate/Database/Eloquent/Builder.php(902): Illuminate/Database/Query/Builder->get(Array)
#9 C:/Users/regin/Downloads/miswan-fashion/miswan-fashion/vendor/laravel/framework/src/Illuminate/Database/Eloquent/Builder.php(884): Illuminate/Database/Eloquent/Builder->getModels(Array)
#10 C:/Users/regin/Downloads/miswan-fashion/miswan-fashion/app/Http/Controllers/HomeController.php(15): Illuminate/Database/Eloquent/Builder->get()
#11 C:/Users/regin/Downloads/miswan-fashion/miswan-fashion/vendor/laravel/framework/src/Illuminate/Routing/ControllerDispatcher.php(46): App/Http/Controllers/HomeController->index()
#12 C:/Users/regin/Downloads/miswan-fashion/miswan-fashion/vendor/laravel/framework/src/Illuminate/Routing/Route.php(265): Illuminate/Routing/ControllerDispatcher->dispatch(Object(Illuminate/Routing/Route), Object(App/Http/Controllers/HomeController), 'index')
#13 C:/Users/regin/Downloads/miswan-fashion/miswan-fashion/vendor/laravel/framework/src/Illuminate/Routing/Route.php(211): Illuminate/Routing/Route->runController()
#14 C:/Users/regin/Downloads/miswan-fashion/miswan-fashion/vendor/laravel/framework/src/Illuminate/Routing/Router.php(822): Illuminate/Routing/Route->run()
#15 C:/Users/regin/Downloads/miswan-fashion/miswan-fashion/vendor/laravel/framework/src/Illuminate/Pipeline/Pipeline.php(180): Illuminate/Routing/Router->Illuminate/Routing/{closure}(Object(Illuminate/Http/Request))
#16 C:/Users/regin/Downloads/miswan-fashion/miswan-fashion/vendor/laravel/framework/src/Illuminate/Routing/Middleware/SubstituteBindings.php(50): Illuminate/Pipeline/Pipeline->Illuminate/Pipeline/{closure}(Object(Illuminate/Http/Request))
#17 C:/Users/regin/Downloads/miswan-fashion/miswan-fashion/vendor/laravel/framework/src/Illuminate/Pipeline/Pipeline.php(219): Illuminate/Routing/Middleware/SubstituteBindings->handle(Object(Illuminate/Http/Request), Object(Closure))
#18 C:/Users/regin/Downloads/miswan-fashion/miswan-fashion/vendor/laravel/framework/src/Illuminate/Foundation/Http/Middleware/VerifyCsrfToken.php(87): Illuminate/Pipeline/Pipeline->Illuminate/Pipeline/{closure}(Object(Illuminate/Http/Request))
#19 C:/Users/regin/Downloads/miswan-fashion/miswan-fashion/vendor/laravel/framework/src/Illuminate/Pipeline/Pipeline.php(219): Illuminate/Foundation/Http/Middleware/VerifyCsrfToken->handle(Object(Illuminate/Http/Request), Object(Closure))
#20 C:/Users/regin/Downloads/miswan-fashion/miswan-fashion/vendor/laravel/framework/src/Illuminate/View/Middleware/ShareErrorsFromSession.php(48): Illuminate/Pipeline/Pipeline->Illuminate/Pipeline/{closure}(Object(Illuminate/Http/Request))
#21 C:/Users/regin/Downloads/miswan-fashion/miswan-fashion/vendor/laravel/framework/src/Illuminate/Pipeline/Pipeline.php(219): Illuminate/View/Middleware/ShareErrorsFromSession->handle(Object(Illuminate/Http/Request), Object(Closure))
#22 C:/Users/regin/Downloads/miswan-fashion/miswan-fashion/vendor/laravel/framework/src/Illuminate/Session/Middleware/StartSession.php(120): Illuminate/Pipeline/Pipeline->Illuminate/Pipeline/{closure}(Object(Illuminate/Http/Request))
#23 C:/Users/regin/Downloads/miswan-fashion/miswan-fashion/vendor/laravel/framework/src/Illuminate/Session/Middleware/StartSession.php(63): Illuminate/Session/Middleware/StartSession->handleStatefulRequest(Object(Illuminate/Http/Request), Object(Illuminate/Session/Store), Object(Closure))
#24 C:/Users/regin/Downloads/miswan-fashion/miswan-fashion/vendor/laravel/framework/src/Illuminate/Pipeline/Pipeline.php(219): Illuminate/Session/Middleware/StartSession->handle(Object(Illuminate/Http/Request), Object(Closure))
#25 C:/Users/regin/Downloads/miswan-fashion/miswan-fashion/vendor/laravel/framework/src/Illuminate/Cookie/Middleware/AddQueuedCookiesToResponse.php(36): Illuminate/Pipeline/Pipeline->Illuminate/Pipeline/{closure}(Object(Illuminate/Http/Request))
#26 C:/Users/regin/Downloads/miswan-fashion/miswan-fashion/vendor/laravel/framework/src/Illuminate/Pipeline/Pipeline.php(219): Illuminate/Cookie/Middleware/AddQueuedCookiesToResponse->handle(Object(Illuminate/Http/Request), Object(Closure))
#27 C:/Users/regin/Downloads/miswan-fashion/miswan-fashion/vendor/laravel/framework/src/Illuminate/Cookie/Middleware/EncryptCookies.php(74): Illuminate/Pipeline/Pipeline->Illuminate/Pipeline/{closure}(Object(Illuminate/Http/Request))
#28 C:/Users/regin/Downloads/miswan-fashion/miswan-fashion/vendor/laravel/framework/src/Illuminate/Pipeline/Pipeline.php(219): Illuminate/Cookie/Middleware/EncryptCookies->handle(Object(Illuminate/Http/Request), Object(Closure))
#29 C:/Users/regin/Downloads/miswan-fashion/miswan-fashion/vendor/laravel/framework/src/Illuminate/Pipeline/Pipeline.php(137): Illuminate/Pipeline/Pipeline->Illuminate/Pipeline/{closure}(Object(Illuminate/Http/Request))
#30 C:/Users/regin/Downloads/miswan-fashion/miswan-fashion/vendor/laravel/framework/src/Illuminate/Routing/Router.php(821): Illuminate/Pipeline/Pipeline->then(Object(Closure))
#31 C:/Users/regin/Downloads/miswan-fashion/miswan-fashion/vendor/laravel/framework/src/Illuminate/Routing/Router.php(800): Illuminate/Routing/Router->runRouteWithinStack(Object(Illuminate/Routing/Route), Object(Illuminate/Http/Request))
#32 C:/Users/regin/Downloads/miswan-fashion/miswan-fashion/vendor/laravel/framework/src/Illuminate/Routing/Router.php(764): Illuminate/Routing/Router->runRoute(Object(Illuminate/Http/Request), Object(Illuminate/Routing/Route))
#33 C:/Users/regin/Downloads/miswan-fashion/miswan-fashion/vendor/laravel/framework/src/Illuminate/Routing/Router.php(753): Illuminate/Routing/Router->dispatchToRoute(Object(Illuminate/Http/Request))
#34 C:/Users/regin/Downloads/miswan-fashion/miswan-fashion/vendor/laravel/framework/src/Illuminate/Foundation/Http/Kernel.php(200): Illuminate/Routing/Router->dispatch(Object(Illuminate/Http/Request))
#35 C:/Users/regin/Downloads/miswan-fashion/miswan-fashion/vendor/laravel/framework/src/Illuminate/Pipeline/Pipeline.php(180): Illuminate/Foundation/Http/Kernel->Illuminate/Foundation/Http/{closure}(Object(Illuminate/Http/Request))
#36 C:/Users/regin/Downloads/miswan-fashion/miswan-fashion/vendor/laravel/framework/src/Illuminate/Foundation/Http/Middleware/TransformsRequest.php(21): Illuminate/Pipeline/Pipeline->Illuminate/Pipeline/{closure}(Object(Illuminate/Http/Request))
#37 C:/Users/regin/Downloads/miswan-fashion/miswan-fashion/vendor/laravel/framework/src/Illuminate/Foundation/Http/Middleware/ConvertEmptyStringsToNull.php(31): Illuminate/Foundation/Http/Middleware/TransformsRequest->handle(Object(Illuminate/Http/Request), Object(Closure))
#38 C:/Users/regin/Downloads/miswan-fashion/miswan-fashion/vendor/laravel/framework/src/Illuminate/Pipeline/Pipeline.php(219): Illuminate/Foundation/Http/Middleware/ConvertEmptyStringsToNull->handle(Object(Illuminate/Http/Request), Object(Closure))
#39 C:/Users/regin/Downloads/miswan-fashion/miswan-fashion/vendor/laravel/framework/src/Illuminate/Foundation/Http/Middleware/TransformsRequest.php(21): Illuminate/Pipeline/Pipeline->Illuminate/Pipeline/{closure}(Object(Illuminate/Http/Request))
#40 C:/Users/regin/Downloads/miswan-fashion/miswan-fashion/vendor/laravel/framework/src/Illuminate/Foundation/Http/Middleware/TrimStrings.php(51): Illuminate/Foundation/Http/Middleware/TransformsRequest->handle(Object(Illuminate/Http/Request), Object(Closure))
#41 C:/Users/regin/Downloads/miswan-fashion/miswan-fashion/vendor/laravel/framework/src/Illuminate/Pipeline/Pipeline.php(219): Illuminate/Foundation/Http/Middleware/TrimStrings->handle(Object(Illuminate/Http/Request), Object(Closure))
#42 C:/Users/regin/Downloads/miswan-fashion/miswan-fashion/vendor/laravel/framework/src/Illuminate/Http/Middleware/ValidatePostSize.php(27): Illuminate/Pipeline/Pipeline->Illuminate/Pipeline/{closure}(Object(Illuminate/Http/Request))
#43 C:/Users/regin/Downloads/miswan-fashion/miswan-fashion/vendor/laravel/framework/src/Illuminate/Pipeline/Pipeline.php(219): Illuminate/Http/Middleware/ValidatePostSize->handle(Object(Illuminate/Http/Request), Object(Closure))
#44 C:/Users/regin/Downloads/miswan-fashion/miswan-fashion/vendor/laravel/framework/src/Illuminate/Foundation/Http/Middleware/PreventRequestsDuringMaintenance.php(109): Illuminate/Pipeline/Pipeline->Illuminate/Pipeline/{closure}(Object(Illuminate/Http/Request))
#45 C:/Users/regin/Downloads/miswan-fashion/miswan-fashion/vendor/laravel/framework/src/Illuminate/Pipeline/Pipeline.php(219): Illuminate/Foundation/Http/Middleware/PreventRequestsDuringMaintenance->handle(Object(Illuminate/Http/Request), Object(Closure))
#46 C:/Users/regin/Downloads/miswan-fashion/miswan-fashion/vendor/laravel/framework/src/Illuminate/Http/Middleware/HandleCors.php(61): Illuminate/Pipeline/Pipeline->Illuminate/Pipeline/{closure}(Object(Illuminate/Http/Request))
#47 C:/Users/regin/Downloads/miswan-fashion/miswan-fashion/vendor/laravel/framework/src/Illuminate/Pipeline/Pipeline.php(219): Illuminate/Http/Middleware/HandleCors->handle(Object(Illuminate/Http/Request), Object(Closure))
#48 C:/Users/regin/Downloads/miswan-fashion/miswan-fashion/vendor/laravel/framework/src/Illuminate/Http/Middleware/TrustProxies.php(58): Illuminate/Pipeline/Pipeline->Illuminate/Pipeline/{closure}(Object(Illuminate/Http/Request))
#49 C:/Users/regin/Downloads/miswan-fashion/miswan-fashion/vendor/laravel/framework/src/Illuminate/Pipeline/Pipeline.php(219): Illuminate/Http/Middleware/TrustProxies->handle(Object(Illuminate/Http/Request), Object(Closure))
#50 C:/Users/regin/Downloads/miswan-fashion/miswan-fashion/vendor/laravel/framework/src/Illuminate/Foundation/Http/Middleware/InvokeDeferredCallbacks.php(22): Illuminate/Pipeline/Pipeline->Illuminate/Pipeline/{closure}(Object(Illuminate/Http/Request))
#51 C:/Users/regin/Downloads/miswan-fashion/miswan-fashion/vendor/laravel/framework/src/Illuminate/Pipeline/Pipeline.php(219): Illuminate/Foundation/Http/Middleware/InvokeDeferredCallbacks->handle(Object(Illuminate/Http/Request), Object(Closure))
#52 C:/Users/regin/Downloads/miswan-fashion/miswan-fashion/vendor/laravel/framework/src/Illuminate/Http/Middleware/ValidatePathEncoding.php(26): Illuminate/Pipeline/Pipeline->Illuminate/Pipeline/{closure}(Object(Illuminate/Http/Request))
#53 C:/Users/regin/Downloads/miswan-fashion/miswan-fashion/vendor/laravel/framework/src/Illuminate/Pipeline/Pipeline.php(219): Illuminate/Http/Middleware/ValidatePathEncoding->handle(Object(Illuminate/Http/Request), Object(Closure))
#54 C:/Users/regin/Downloads/miswan-fashion/miswan-fashion/vendor/laravel/framework/src/Illuminate/Pipeline/Pipeline.php(137): Illuminate/Pipeline/Pipeline->Illuminate/Pipeline/{closure}(Object(Illuminate/Http/Request))
#55 C:/Users/regin/Downloads/miswan-fashion/miswan-fashion/vendor/laravel/framework/src/Illuminate/Foundation/Http/Kernel.php(175): Illuminate/Pipeline/Pipeline->then(Object(Closure))
#56 C:/Users/regin/Downloads/miswan-fashion/miswan-fashion/vendor/laravel/framework/src/Illuminate/Foundation/Http/Kernel.php(144): Illuminate/Foundation/Http/Kernel->sendRequestThroughRouter(Object(Illuminate/Http/Request))
#57 C:/Users/regin/Downloads/miswan-fashion/miswan-fashion/vendor/laravel/framework/src/Illuminate/Foundation/Application.php(1220): Illuminate/Foundation/Http/Kernel->handle(Object(Illuminate/Http/Request))
#58 C:/Users/regin/Downloads/miswan-fashion/miswan-fashion/public/index.php(20): Illuminate/Foundation/Application->handleRequest(Object(Illuminate/Http/Request))
#59 C:/Users/regin/Downloads/miswan-fashion/miswan-fashion/vendor/laravel/framework/src/Illuminate/Foundation/resources/server.php(23): require_once('C://Users//regin//...')
#60 {main}

[previous exception] [object] (PDOException(code: 2002): SQLSTATE[HY000] [2002] No connection could be made because the target machine actively refused it at C:/Users/regin/Downloads/miswan-fashion/miswan-fashion/vendor/laravel/framework/src/Illuminate/Database/Connectors/Connector.php:66)
[stacktrace]
#0 C:/Users/regin/Downloads/miswan-fashion/miswan-fashion/vendor/laravel/framework/src/Illuminate/Database/Connectors/Connector.php(66): PDO->__construct('mysql:host=127....', 'root', Object(SensitiveParameterValue), Array)
#1 C:/Users/regin/Downloads/miswan-fashion/miswan-fashion/vendor/laravel/framework/src/Illuminate/Database/Connectors/Connector.php(85): Illuminate/Database/Connectors/Connector->createPdoConnection('mysql:host=127....', 'root', Object(SensitiveParameterValue), Array)
#2 C:/Users/regin/Downloads/miswan-fashion/miswan-fashion/vendor/laravel/framework/src/Illuminate/Database/Connectors/Connector.php(48): Illuminate/Database/Connectors/Connector->tryAgainIfCausedByLostConnection(Object(PDOException), 'mysql:host=127....', 'root', Object(SensitiveParameterValue), Array)
#3 C:/Users/regin/Downloads/miswan-fashion/miswan-fashion/vendor/laravel/framework/src/Illuminate/Database/Connectors/MySqlConnector.php(24): Illuminate/Database/Connectors/Connector->createConnection('mysql:host=127....', Array, Array)
#4 C:/Users/regin/Downloads/miswan-fashion/miswan-fashion/vendor/laravel/framework/src/Illuminate/Database/Connectors/ConnectionFactory.php(186): Illuminate/Database/Connectors/MySqlConnector->connect(Array)
#5 [internal function]: Illuminate/Database/Connectors/ConnectionFactory->Illuminate/Database/Connectors/{closure}()
#6 C:/Users/regin/Downloads/miswan-fashion/miswan-fashion/vendor/laravel/framework/src/Illuminate/Database/Connection.php(1257): call_user_func(Object(Closure))
#7 C:/Users/regin/Downloads/miswan-fashion/miswan-fashion/vendor/laravel/framework/src/Illuminate/Database/Connection.php(1295): Illuminate/Database/Connection->getPdo()
#8 C:/Users/regin/Downloads/miswan-fashion/miswan-fashion/vendor/laravel/framework/src/Illuminate/Database/Connection.php(525): Illuminate/Database/Connection->getReadPdo()
#9 C:/Users/regin/Downloads/miswan-fashion/miswan-fashion/vendor/laravel/framework/src/Illuminate/Database/Connection.php(420): Illuminate/Database/Connection->getPdoForSelect(true)
#10 C:/Users/regin/Downloads/miswan-fashion/miswan-fashion/vendor/laravel/framework/src/Illuminate/Database/Connection.php(827): Illuminate/Database/Connection->Illuminate/Database/{closure}('select * from `...', Array)
#11 C:/Users/regin/Downloads/miswan-fashion/miswan-fashion/vendor/laravel/framework/src/Illuminate/Database/Connection.php(999): Illuminate/Database/Connection->runQueryCallback('select * from `...', Array, Object(Closure))
#12 C:/Users/regin/Downloads/miswan-fashion/miswan-fashion/vendor/laravel/framework/src/Illuminate/Database/Connection.php(978): Illuminate/Database/Connection->tryAgainIfCausedByLostConnection(Object(Illuminate/Database/QueryException), 'select * from `...', Array, Object(Closure))
#13 C:/Users/regin/Downloads/miswan-fashion/miswan-fashion/vendor/laravel/framework/src/Illuminate/Database/Connection.php(796): Illuminate/Database/Connection->handleQueryException(Object(Illuminate/Database/QueryException), 'select * from `...', Array, Object(Closure))
#14 C:/Users/regin/Downloads/miswan-fashion/miswan-fashion/vendor/laravel/framework/src/Illuminate/Database/Connection.php(411): Illuminate/Database/Connection->run('select * from `...', Array, Object(Closure))
#15 C:/Users/regin/Downloads/miswan-fashion/miswan-fashion/vendor/laravel/framework/src/Illuminate/Database/Query/Builder.php(3505): Illuminate/Database/Connection->select('select * from `...', Array, true)
#16 C:/Users/regin/Downloads/miswan-fashion/miswan-fashion/vendor/laravel/framework/src/Illuminate/Database/Query/Builder.php(3490): Illuminate/Database/Query/Builder->runSelect()
#17 C:/Users/regin/Downloads/miswan-fashion/miswan-fashion/vendor/laravel/framework/src/Illuminate/Database/Query/Builder.php(4080): Illuminate/Database/Query/Builder->Illuminate/Database/Query/{closure}()
#18 C:/Users/regin/Downloads/miswan-fashion/miswan-fashion/vendor/laravel/framework/src/Illuminate/Database/Query/Builder.php(3489): Illuminate/Database/Query/Builder->onceWithColumns(Array, Object(Closure))
#19 C:/Users/regin/Downloads/miswan-fashion/miswan-fashion/vendor/laravel/framework/src/Illuminate/Database/Eloquent/Builder.php(902): Illuminate/Database/Query/Builder->get(Array)
#20 C:/Users/regin/Downloads/miswan-fashion/miswan-fashion/vendor/laravel/framework/src/Illuminate/Database/Eloquent/Builder.php(884): Illuminate/Database/Eloquent/Builder->getModels(Array)
#21 C:/Users/regin/Downloads/miswan-fashion/miswan-fashion/app/Http/Controllers/HomeController.php(15): Illuminate/Database/Eloquent/Builder->get()
#22 C:/Users/regin/Downloads/miswan-fashion/miswan-fashion/vendor/laravel/framework/src/Illuminate/Routing/ControllerDispatcher.php(46): App/Http/Controllers/HomeController->index()
#23 C:/Users/regin/Downloads/miswan-fashion/miswan-fashion/vendor/laravel/framework/src/Illuminate/Routing/Route.php(265): Illuminate/Routing/ControllerDispatcher->dispatch(Object(Illuminate/Routing/Route), Object(App/Http/Controllers/HomeController), 'index')
#24 C:/Users/regin/Downloads/miswan-fashion/miswan-fashion/vendor/laravel/framework/src/Illuminate/Routing/Route.php(211): Illuminate/Routing/Route->runController()
#25 C:/Users/regin/Downloads/miswan-fashion/miswan-fashion/vendor/laravel/framework/src/Illuminate/Routing/Router.php(822): Illuminate/Routing/Route->run()
#26 C:/Users/regin/Downloads/miswan-fashion/miswan-fashion/vendor/laravel/framework/src/Illuminate/Pipeline/Pipeline.php(180): Illuminate/Routing/Router->Illuminate/Routing/{closure}(Object(Illuminate/Http/Request))
#27 C:/Users/regin/Downloads/miswan-fashion/miswan-fashion/vendor/laravel/framework/src/Illuminate/Routing/Middleware/SubstituteBindings.php(50): Illuminate/Pipeline/Pipeline->Illuminate/Pipeline/{closure}(Object(Illuminate/Http/Request))
#28 C:/Users/regin/Downloads/miswan-fashion/miswan-fashion/vendor/laravel/framework/src/Illuminate/Pipeline/Pipeline.php(219): Illuminate/Routing/Middleware/SubstituteBindings->handle(Object(Illuminate/Http/Request), Object(Closure))
#29 C:/Users/regin/Downloads/miswan-fashion/miswan-fashion/vendor/laravel/framework/src/Illuminate/Foundation/Http/Middleware/VerifyCsrfToken.php(87): Illuminate/Pipeline/Pipeline->Illuminate/Pipeline/{closure}(Object(Illuminate/Http/Request))
#30 C:/Users/regin/Downloads/miswan-fashion/miswan-fashion/vendor/laravel/framework/src/Illuminate/Pipeline/Pipeline.php(219): Illuminate/Foundation/Http/Middleware/VerifyCsrfToken->handle(Object(Illuminate/Http/Request), Object(Closure))
#31 C:/Users/regin/Downloads/miswan-fashion/miswan-fashion/vendor/laravel/framework/src/Illuminate/View/Middleware/ShareErrorsFromSession.php(48): Illuminate/Pipeline/Pipeline->Illuminate/Pipeline/{closure}(Object(Illuminate/Http/Request))
#32 C:/Users/regin/Downloads/miswan-fashion/miswan-fashion/vendor/laravel/framework/src/Illuminate/Pipeline/Pipeline.php(219): Illuminate/View/Middleware/ShareErrorsFromSession->handle(Object(Illuminate/Http/Request), Object(Closure))
#33 C:/Users/regin/Downloads/miswan-fashion/miswan-fashion/vendor/laravel/framework/src/Illuminate/Session/Middleware/StartSession.php(120): Illuminate/Pipeline/Pipeline->Illuminate/Pipeline/{closure}(Object(Illuminate/Http/Request))
#34 C:/Users/regin/Downloads/miswan-fashion/miswan-fashion/vendor/laravel/framework/src/Illuminate/Session/Middleware/StartSession.php(63): Illuminate/Session/Middleware/StartSession->handleStatefulRequest(Object(Illuminate/Http/Request), Object(Illuminate/Session/Store), Object(Closure))
#35 C:/Users/regin/Downloads/miswan-fashion/miswan-fashion/vendor/laravel/framework/src/Illuminate/Pipeline/Pipeline.php(219): Illuminate/Session/Middleware/StartSession->handle(Object(Illuminate/Http/Request), Object(Closure))
#36 C:/Users/regin/Downloads/miswan-fashion/miswan-fashion/vendor/laravel/framework/src/Illuminate/Cookie/Middleware/AddQueuedCookiesToResponse.php(36): Illuminate/Pipeline/Pipeline->Illuminate/Pipeline/{closure}(Object(Illuminate/Http/Request))
#37 C:/Users/regin/Downloads/miswan-fashion/miswan-fashion/vendor/laravel/framework/src/Illuminate/Pipeline/Pipeline.php(219): Illuminate/Cookie/Middleware/AddQueuedCookiesToResponse->handle(Object(Illuminate/Http/Request), Object(Closure))
#38 C:/Users/regin/Downloads/miswan-fashion/miswan-fashion/vendor/laravel/framework/src/Illuminate/Cookie/Middleware/EncryptCookies.php(74): Illuminate/Pipeline/Pipeline->Illuminate/Pipeline/{closure}(Object(Illuminate/Http/Request))
#39 C:/Users/regin/Downloads/miswan-fashion/miswan-fashion/vendor/laravel/framework/src/Illuminate/Pipeline/Pipeline.php(219): Illuminate/Cookie/Middleware/EncryptCookies->handle(Object(Illuminate/Http/Request), Object(Closure))
#40 C:/Users/regin/Downloads/miswan-fashion/miswan-fashion/vendor/laravel/framework/src/Illuminate/Pipeline/Pipeline.php(137): Illuminate/Pipeline/Pipeline->Illuminate/Pipeline/{closure}(Object(Illuminate/Http/Request))
#41 C:/Users/regin/Downloads/miswan-fashion/miswan-fashion/vendor/laravel/framework/src/Illuminate/Routing/Router.php(821): Illuminate/Pipeline/Pipeline->then(Object(Closure))
#42 C:/Users/regin/Downloads/miswan-fashion/miswan-fashion/vendor/laravel/framework/src/Illuminate/Routing/Router.php(800): Illuminate/Routing/Router->runRouteWithinStack(Object(Illuminate/Routing/Route), Object(Illuminate/Http/Request))
#43 C:/Users/regin/Downloads/miswan-fashion/miswan-fashion/vendor/laravel/framework/src/Illuminate/Routing/Router.php(764): Illuminate/Routing/Router->runRoute(Object(Illuminate/Http/Request), Object(Illuminate/Routing/Route))
#44 C:/Users/regin/Downloads/miswan-fashion/miswan-fashion/vendor/laravel/framework/src/Illuminate/Routing/Router.php(753): Illuminate/Routing/Router->dispatchToRoute(Object(Illuminate/Http/Request))
#45 C:/Users/regin/Downloads/miswan-fashion/miswan-fashion/vendor/laravel/framework/src/Illuminate/Foundation/Http/Kernel.php(200): Illuminate/Routing/Router->dispatch(Object(Illuminate/Http/Request))
#46 C:/Users/regin/Downloads/miswan-fashion/miswan-fashion/vendor/laravel/framework/src/Illuminate/Pipeline/Pipeline.php(180): Illuminate/Foundation/Http/Kernel->Illuminate/Foundation/Http/{closure}(Object(Illuminate/Http/Request))
#47 C:/Users/regin/Downloads/miswan-fashion/miswan-fashion/vendor/laravel/framework/src/Illuminate/Foundation/Http/Middleware/TransformsRequest.php(21): Illuminate/Pipeline/Pipeline->Illuminate/Pipeline/{closure}(Object(Illuminate/Http/Request))
#48 C:/Users/regin/Downloads/miswan-fashion/miswan-fashion/vendor/laravel/framework/src/Illuminate/Foundation/Http/Middleware/ConvertEmptyStringsToNull.php(31): Illuminate/Foundation/Http/Middleware/TransformsRequest->handle(Object(Illuminate/Http/Request), Object(Closure))
#49 C:/Users/regin/Downloads/miswan-fashion/miswan-fashion/vendor/laravel/framework/src/Illuminate/Pipeline/Pipeline.php(219): Illuminate/Foundation/Http/Middleware/ConvertEmptyStringsToNull->handle(Object(Illuminate/Http/Request), Object(Closure))
#50 C:/Users/regin/Downloads/miswan-fashion/miswan-fashion/vendor/laravel/framework/src/Illuminate/Foundation/Http/Middleware/TransformsRequest.php(21): Illuminate/Pipeline/Pipeline->Illuminate/Pipeline/{closure}(Object(Illuminate/Http/Request))
#51 C:/Users/regin/Downloads/miswan-fashion/miswan-fashion/vendor/laravel/framework/src/Illuminate/Foundation/Http/Middleware/TrimStrings.php(51): Illuminate/Foundation/Http/Middleware/TransformsRequest->handle(Object(Illuminate/Http/Request), Object(Closure))
#52 C:/Users/regin/Downloads/miswan-fashion/miswan-fashion/vendor/laravel/framework/src/Illuminate/Pipeline/Pipeline.php(219): Illuminate/Foundation/Http/Middleware/TrimStrings->handle(Object(Illuminate/Http/Request), Object(Closure))
#53 C:/Users/regin/Downloads/miswan-fashion/miswan-fashion/vendor/laravel/framework/src/Illuminate/Http/Middleware/ValidatePostSize.php(27): Illuminate/Pipeline/Pipeline->Illuminate/Pipeline/{closure}(Object(Illuminate/Http/Request))
#54 C:/Users/regin/Downloads/miswan-fashion/miswan-fashion/vendor/laravel/framework/src/Illuminate/Pipeline/Pipeline.php(219): Illuminate/Http/Middleware/ValidatePostSize->handle(Object(Illuminate/Http/Request), Object(Closure))
#55 C:/Users/regin/Downloads/miswan-fashion/miswan-fashion/vendor/laravel/framework/src/Illuminate/Foundation/Http/Middleware/PreventRequestsDuringMaintenance.php(109): Illuminate/Pipeline/Pipeline->Illuminate/Pipeline/{closure}(Object(Illuminate/Http/Request))
#56 C:/Users/regin/Downloads/miswan-fashion/miswan-fashion/vendor/laravel/framework/src/Illuminate/Pipeline/Pipeline.php(219): Illuminate/Foundation/Http/Middleware/PreventRequestsDuringMaintenance->handle(Object(Illuminate/Http/Request), Object(Closure))
#57 C:/Users/regin/Downloads/miswan-fashion/miswan-fashion/vendor/laravel/framework/src/Illuminate/Http/Middleware/HandleCors.php(61): Illuminate/Pipeline/Pipeline->Illuminate/Pipeline/{closure}(Object(Illuminate/Http/Request))
#58 C:/Users/regin/Downloads/miswan-fashion/miswan-fashion/vendor/laravel/framework/src/Illuminate/Pipeline/Pipeline.php(219): Illuminate/Http/Middleware/HandleCors->handle(Object(Illuminate/Http/Request), Object(Closure))
#59 C:/Users/regin/Downloads/miswan-fashion/miswan-fashion/vendor/laravel/framework/src/Illuminate/Http/Middleware/TrustProxies.php(58): Illuminate/Pipeline/Pipeline->Illuminate/Pipeline/{closure}(Object(Illuminate/Http/Request))
#60 C:/Users/regin/Downloads/miswan-fashion/miswan-fashion/vendor/laravel/framework/src/Illuminate/Pipeline/Pipeline.php(219): Illuminate/Http/Middleware/TrustProxies->handle(Object(Illuminate/Http/Request), Object(Closure))
#61 C:/Users/regin/Downloads/miswan-fashion/miswan-fashion/vendor/laravel/framework/src/Illuminate/Foundation/Http/Middleware/InvokeDeferredCallbacks.php(22): Illuminate/Pipeline/Pipeline->Illuminate/Pipeline/{closure}(Object(Illuminate/Http/Request))
#62 C:/Users/regin/Downloads/miswan-fashion/miswan-fashion/vendor/laravel/framework/src/Illuminate/Pipeline/Pipeline.php(219): Illuminate/Foundation/Http/Middleware/InvokeDeferredCallbacks->handle(Object(Illuminate/Http/Request), Object(Closure))
#63 C:/Users/regin/Downloads/miswan-fashion/miswan-fashion/vendor/laravel/framework/src/Illuminate/Http/Middleware/ValidatePathEncoding.php(26): Illuminate/Pipeline/Pipeline->Illuminate/Pipeline/{closure}(Object(Illuminate/Http/Request))
#64 C:/Users/regin/Downloads/miswan-fashion/miswan-fashion/vendor/laravel/framework/src/Illuminate/Pipeline/Pipeline.php(219): Illuminate/Http/Middleware/ValidatePathEncoding->handle(Object(Illuminate/Http/Request), Object(Closure))
#65 C:/Users/regin/Downloads/miswan-fashion/miswan-fashion/vendor/laravel/framework/src/Illuminate/Pipeline/Pipeline.php(137): Illuminate/Pipeline/Pipeline->Illuminate/Pipeline/{closure}(Object(Illuminate/Http/Request))
#66 C:/Users/regin/Downloads/miswan-fashion/miswan-fashion/vendor/laravel/framework/src/Illuminate/Foundation/Http/Kernel.php(175): Illuminate/Pipeline/Pipeline->then(Object(Closure))
#67 C:/Users/regin/Downloads/miswan-fashion/miswan-fashion/vendor/laravel/framework/src/Illuminate/Foundation/Http/Kernel.php(144): Illuminate/Foundation/Http/Kernel->sendRequestThroughRouter(Object(Illuminate/Http/Request))
#68 C:/Users/regin/Downloads/miswan-fashion/miswan-fashion/vendor/laravel/framework/src/Illuminate/Foundation/Application.php(1220): Illuminate/Foundation/Http/Kernel->handle(Object(Illuminate/Http/Request))
#69 C:/Users/regin/Downloads/miswan-fashion/miswan-fashion/public/index.php(20): Illuminate/Foundation/Application->handleRequest(Object(Illuminate/Http/Request))
#70 C:/Users/regin/Downloads/miswan-fashion/miswan-fashion/vendor/laravel/framework/src/Illuminate/Foundation/resources/server.php(23): require_once('C://Users//regin//...')
#71 {main}
"} 
